n,range,midpoint,mean,A1,psi1,p,phi1,phi2,phi3,phi4,phi5,phi6,phi7,phi8,phi9,phi10,phi11,phi12,ljung,var
1,3.75,6.605,5.953333333,-0.963518158,-0.839063569,2,1.390521914,-0.403076219,,,,,,,,,,,0.003594228,0.010383683
2,5.7,6.82,5.865277778,2.051395044,39.72584355,2,1.613151786,-0.631587062,,,,,,,,,,,0.446017338,0.011457367
3,4.44,8.64,8.743888889,1.569105963,1.571470285,2,1.723300767,-0.740269546,,,,,,,,,,,0.646994105,0.00635803
4,2.73,8.155,8.017708333,-0.307137755,0.038714189,3,2.061727498,-1.387451459,0.319716115,,,,,,,,,,0.737102501,0.002784849
5,1.6,7.59,7.453125,-0.417805304,-1.152686751,2,1.509901394,-0.542771565,,,,,,,,,,,0.720727456,0.001723215
6,3.35,7.195,7.427708333,-0.901850169,0.349334685,2,1.650786842,-0.656944591,,,,,,,,,,,0.240604611,0.002417405
7,3.38,7.49,7.352986111,-1.368455272,11.48561023,3,1.515537403,-0.778514058,0.222666482,,,,,,,,,,0.812513665,0.005314012
8,3.08,8.13,8.669791667,0.561638756,-4.305256047,2,1.557549677,-0.570087539,,,,,,,,,,,0.274439153,0.005591282
9,3.79,10.635,10.53902778,1.90640143,1.606606149,2,1.74678544,-0.75363096,,,,,,,,,,,0.861898033,0.003458316
10,4.43,10.405,11.00798611,-1.020715924,0.954076917,2,1.679154265,-0.683729311,,,,,,,,,,,0.472142184,0.005810561
11,3.25,7.625,7.815416667,-0.789728943,0.290513308,4,1.268008652,-0.327620888,0.495737765,-0.450700159,,,,,,,,,0.11293225,0.004588006
12,3.09,7.595,7.238611111,-0.968118295,5.127674273,4,1.613751913,-0.839629132,0.464114676,-0.265667059,,,,,,,,,0.0521583,0.004795906
13,1.7,8.12,8.172916667,-0.477471955,-0.816665349,2,1.580959324,-0.66907187,,,,,,,,,,,0.606711967,0.004219637
14,4.92,10.52,10.35625,1.850831027,1.829419838,2,1.69580789,-0.712846062,,,,,,,,,,,0.612729165,0.010634572
15,5.07,13.045,12.27027778,-1.090822531,-0.168899094,2,1.60076953,-0.631328804,,,,,,,,,,,0.236836886,0.022910779
16,6.42,11.64,11.23986111,-1.05245378,-0.652370002,2,1.605177314,-0.614850313,,,,,,,,,,,0.003613881,0.020876301
17,4.06,9.06,8.724375,-1.08540787,5.0088781,3,1.614503719,-0.929753978,0.283508128,,,,,,,,,,0.738366744,0.022526886
18,2.81,8.835,8.568263889,-0.105099973,-1.161129553,2,1.719078719,-0.727675247,,,,,,,,,,,0.162919568,0.003293804
19,1.86,7.26,7.3375,0.647247965,-4.456168419,2,1.568302362,-0.594423776,,,,,,,,,,,0.219505369,0.001673832
20,3.27,7.015,7.277638889,-0.710647354,-0.103130022,2,1.260459928,-0.261956604,,,,,,,,,,,0.139549394,0.005211191
21,5.16,6.72,5.694861111,1.814375957,71.23637794,6,1.448157988,-0.624403734,0.312126561,-0.101520846,0.225058067,-0.287496287,,,,,,,0.033325521,0.006667766
22,3.46,5.5,5.668958333,1.654033587,1.677686638,2,1.336110899,-0.346787848,,,,,,,,,,,0.749526138,0.005385392
23,3.23,6.325,6.492569444,-0.759469472,0.036716533,2,1.498145105,-0.505577571,,,,,,,,,,,0.338930752,0.00333494
24,4.6,6.34,5.532847222,1.675729254,127.8646844,5,1.595644866,-0.77070776,0.300161164,0.034568104,-0.185969283,,,,,,,,0.880239063,0.005080985
25,1.74,5.19,5.008958333,-0.337006009,-0.699823123,2,1.190547148,-0.217523452,,,,,,,,,,,0.84498017,0.00295623
26,3.77,5.935,5.762291667,1.887643302,1.632140823,2,1.54402564,-0.55332659,,,,,,,,,,,0.108134789,0.003829578
27,4.74,8.61,8.618125,1.991464113,127.7521183,2,1.581803486,-0.612723774,,,,,,,,,,,0.143578846,0.008679883
28,3.25,8.775,8.515625,-1.022048059,1.091031006,2,1.437686354,-0.504655261,,,,,,,,,,,0.015415198,0.018749923
29,2.2,7.8,7.706111111,-0.776429175,36.75772887,2,1.373357587,-0.455101921,,,,,,,,,,,0.990099167,0.002341224
30,4.21,9.405,9.193958333,-1.289750494,4.973656718,2,1.709929235,-0.721783261,,,,,,,,,,,0.10398469,0.006341978
31,5.24,13.41,13.57756944,-1.646719732,-0.347175632,2,1.543422609,-0.576388669,,,,,,,,,,,0.294314682,0.010459247
32,4.33,12.945,13.26333333,-1.261663734,0.307180143,3,1.755923477,-1.001888174,0.218277984,,,,,,,,,,0.767820971,0.009024359
33,4.04,11.3,10.61604167,1.102809253,0.571092828,5,1.862394533,-1.031690182,0.469395273,-0.637345448,0.324059131,,,,,,,,0.18202923,0.006847101
34,4.2,12.05,11.91791667,-0.774052465,0.367381745,4,1.526842166,-1.069312983,0.797734249,-0.288686405,,,,,,,,,0.905299656,0.02742063
35,2.93,8.375,7.926805556,0.0874955,0.324482583,3,1.8592875,-1.295299899,0.424031873,,,,,,,,,,0.000542804,0.009691833
36,3.14,7.01,7.042986111,-0.540638624,0.293477854,5,1.098606642,-0.014583671,0.155444895,-0.002510658,-0.254114208,,,,,,,,0.633125276,0.005392917
37,2.71,6.855,7.213055556,-1.229867504,17.75858489,2,1.609277943,-0.615578501,,,,,,,,,,,0.160832174,0.002554752
38,1.86,7.78,7.878680556,-0.54946386,-0.922325387,2,1.309263857,-0.318200075,,,,,,,,,,,0.018995033,0.00171803
39,5.78,8.54,8.211875,2.536022122,-10.50434287,4,1.448182529,-0.425471815,0.236844088,-0.281605749,,,,,,,,,0.017423857,0.004991103
40,6.64,11.37,11.49180556,-3.304320059,36.16784933,2,1.619541799,-0.623026501,,,,,,,,,,,0.152258089,0.011477061
41,7.6,10.6,10.26513889,1.734644798,-1.085422263,3,1.801192663,-1.162866026,0.340832278,,,,,,,,,,0.221655564,0.064771815
42,2.39,8.265,8.080138889,-0.63691699,-0.300308988,3,1.310195898,-0.546452654,0.214232259,,,,,,,,,,0.75664436,0.01043385
43,2.26,8.11,7.873541667,-0.845196629,-0.662356751,3,1.412666538,-0.702397554,0.238322086,,,,,,,,,,0.009294811,0.007209592
44,2.61,7.735,7.630486111,-1.122939454,5.028454313,4,1.413294147,-0.548682591,0.35629552,-0.280831262,,,,,,,,,0.880621921,0.003891628
45,2.82,9.02,8.939652778,-1.144103317,-0.546885215,4,1.461403457,-0.795163164,0.523003138,-0.237122363,,,,,,,,,0.815289603,0.005630104
46,5.43,9.755,9.509652778,2.374801809,-10.82114599,6,1.621817044,-0.906860556,0.662169984,-0.620599379,0.456537686,-0.243035977,,,,,,,0.638378113,0.009871955
47,8.8,15.2,15.01618056,-3.430550436,17.35148254,2,1.679052332,-0.685212577,,,,,,,,,,,0.706721979,0.022874002
48,9.32,13.8,11.51201389,1.102465427,-1.04611084,3,1.764632686,-0.998155644,0.227341404,,,,,,,,,,0.999996495,0.054192202
49,2.44,9.49,9.435138889,-0.725025448,-0.317409044,3,1.274723765,-0.570726122,0.264273414,,,,,,,,,,0.05616634,0.011007078
50,2.55,8.435,8.619722222,-0.222096597,0.394838114,2,1.594703238,-0.626533928,,,,,,,,,,,0.714797235,0.007008682
51,4.3,8.26,8.554236111,1.802506942,1.730173358,3,1.556878939,-0.525955129,-0.03479259,,,,,,,,,,0.609646506,0.004779281
52,3.08,8.77,8.898263889,-0.997874242,30.05625016,2,1.345642063,-0.359070253,,,,,,,,,,,0.446752635,0.008346011
53,5.53,10.755,10.88930556,2.682546021,8.096728595,4,1.904174608,-1.398845686,0.653868052,-0.169456591,,,,,,,,,0.275350091,0.006493786
54,6.11,11.945,12.17590278,-1.449934205,-0.868538043,2,1.700778736,-0.710418177,,,,,,,,,,,0.995768242,0.009901801
55,4.9,9.86,8.938611111,1.322122648,0.795669552,2,1.763562463,-0.772728892,,,,,,,,,,,0.662070115,0.005582197
56,5.34,10.33,10.87,-1.453438122,0.72307415,3,1.583321483,-0.883035187,0.291003158,,,,,,,,,,0.002698208,0.024028305
57,1.71,7.485,7.166736111,-0.172061281,-0.912093199,3,1.855059718,-1.178340143,0.267161534,,,,,,,,,,0.064156135,0.005737208
58,2.39,7.395,7.128680556,-0.823130593,-0.148748932,2,1.540121611,-0.568059583,,,,,,,,,,,0.840282057,0.00457608
59,2.48,7.46,7.289166667,-0.852638255,-0.875544171,2,1.409914973,-0.422949995,,,,,,,,,,,0.081226107,0.005069761
60,7.01,9.725,9.799444444,3.064375049,-10.54898004,3,1.838129556,-1.101063696,0.220842718,,,,,,,,,,0.187557254,0.007355373
61,4.43,10.825,10.36083333,-1.658672775,5.637213944,2,1.330656428,-0.385903401,,,,,,,,,,,0.399465968,0.013817959
62,5.16,10.07,9.971041667,1.722541444,1.803051943,2,1.466048051,-0.493902252,,,,,,,,,,,0.234621482,0.012999072
63,4.38,8.55,8.499097222,-0.47405875,-0.099219223,5,1.502152289,-0.754928359,0.31454233,0.200153064,-0.282361115,,,,,,,,0.104682127,0.011519481
64,3.99,7.445,7.225833333,-1.881782748,-70.03766346,6,1.425969676,-0.709036152,0.489435008,-0.305573233,0.358006353,-0.314710726,,,,,,,0.054301877,0.006113888
65,6.87,8.825,8.545555556,3.044997612,-4.227421679,3,1.371580362,-0.173721174,-0.229843034,,,,,,,,,,0.014964006,0.010477952
66,3.2,9.15,9.103541667,-1.340149577,0.187324935,3,1.686900583,-0.977140759,0.250672694,,,,,,,,,,0.376383271,0.002296833
67,2.2,8.09,8.177152778,-0.844026217,-0.928252041,2,1.295908873,-0.346648053,,,,,,,,,,,0.017831559,0.004167007
68,5.54,8.79,8.813263889,2.369939983,8.186741461,3,1.394343718,-0.152467149,-0.252670589,,,,,,,,,,0.727630603,0.007948079
69,5.04,10.38,10.15902778,-1.412618756,-0.61506005,3,1.511936258,-0.786502737,0.261108218,,,,,,,,,,0.037815986,0.018435802
70,5.86,10.48,9.511666667,1.523273236,1.284047865,4,1.649528346,-0.643357917,0.05589643,-0.064593346,,,,,,,,,0.572524985,0.006261294
71,4.39,12.045,12.13993056,1.172352703,0.548709881,2,1.606520776,-0.637932364,,,,,,,,,,,0.628711752,0.014249591
72,6.28,12.09,12.646875,2.039270251,-2.276999332,3,1.52135222,-0.814195719,0.263085181,,,,,,,,,,0.499595586,0.052698163
73,4.88,9.76,9.453680556,1.786453537,-22.68719402,3,1.630748822,-0.963804137,0.299905669,,,,,,,,,,0.212113449,0.019125398
74,4.86,9.27,8.862638889,1.735391132,-66.8867071,2,1.20412612,-0.231439981,,,,,,,,,,,0.145839016,0.019820658
75,8.52,10.43,10.15333333,4.135008169,8.43354751,2,1.470018385,-0.496659661,,,,,,,,,,,0.001396879,0.010848425
76,13.36,13.44,12.49493056,-5.628707405,5.29020524,4,1.507654508,-0.720395646,0.444941618,-0.261374089,,,,,,,,,0.359532505,0.035732955
77,6.59,11.925,11.26583333,-2.885438245,-7.208610313,2,1.393088387,-0.476569553,,,,,,,,,,,0.168834571,0.021987128
78,13.7,13.24,12.59201389,-6.769165959,5.181802833,5,1.293596154,-0.333267716,0.104272385,0.188593299,-0.296210149,,,,,,,,0.740228639,0.033844638
79,9.05,13.355,13.37965278,4.516719669,2.194977404,3,1.290471661,-0.151173375,-0.185156583,,,,,,,,,,0.045169078,0.025134926
80,3.7,9.62,9.763055556,-0.822001115,26.29757855,6,1.663985756,-0.8345343,0.239820056,-0.063036401,0.290829075,-0.302582238,,,,,,,0.978673742,0.001615412
81,2.21,7.455,7.716805556,-0.313030392,0.004724998,6,1.52437068,-0.776975013,0.309766183,0.190590689,-0.07183029,-0.195917859,,,,,,,0.166599125,0.001559544
82,3.14,6.49,6.351875,-1.239985535,200.0206789,2,1.193386591,-0.20950456,,,,,,,,,,,0.417284413,0.004030691
83,4.23,6.215,6.317291667,1.746358434,184.3791858,1,0.93976314,,,,,,,,,,,,0.001228431,0.008347426
84,5.47,6.735,6.765833333,2.529041774,-10.49972117,1,0.961504539,,,,,,,,,,,,1.30377E-05,0.007118
85,5.82,6.98,7.264583333,2.681331486,-4.222496586,4,1.135053323,-0.083417354,0.162545427,-0.251187151,,,,,,,,,0.69734841,0.006390523
86,6.31,8.895,8.604375,3.00538779,-10.54916815,2,1.176292835,-0.216532504,,,,,,,,,,,0.725156892,0.006994416
87,12.42,12.66,11.79201389,-5.791583666,5.051554366,4,1.412188305,-0.310866425,0.127258837,-0.251899761,,,,,,,,,0.658829841,0.009241948
88,7.79,11.025,11.00131944,-3.1512112,42.95320541,2,1.425751125,-0.435756867,,,,,,,,,,,0.740613217,0.013900084
89,3.33,7.335,7.362152778,-0.970823221,0.702196501,5,1.675525385,-0.881989818,0.250601208,0.151149539,-0.210525664,,,,,,,,0.603902253,0.003899167
90,4.57,6.715,6.505277778,1.673246677,2.197027281,7,1.244176481,-0.408599222,0.286319909,-0.066459174,-0.163260505,0.347887712,-0.30495557,,,,,,0.482382104,0.010894118
91,3.06,6.44,6.648055556,-0.783565469,-0.54089363,4,1.08730113,-0.321283317,0.497977094,-0.275500449,,,,,,,,,0.633772058,0.008321053
92,7.64,7.6,7.446527778,3.762383012,2.113595029,1,0.912784904,,,,,,,,,,,,0.026183156,0.016428308
93,9.88,9.53,9.191875,-4.745195096,5.215596405,2,1.30425891,-0.331206809,,,,,,,,,,,0.006689778,0.013205544
94,4.83,9.735,9.441458333,1.464764301,-4.190654609,2,1.507189106,-0.566412749,,,,,,,,,,,0.150703243,0.009930628
95,6.8,10.18,9.919097222,-2.784454628,-32.51119612,2,1.219672761,-0.241415437,,,,,,,,,,,0.942864142,0.015405047
96,12.85,12.075,12.09520833,-6.39795342,5.261612227,2,1.190770203,-0.227021485,,,,,,,,,,,1.35628E-05,0.032310478
97,20.45,16.775,15.73118056,-9.634646923,5.274432262,1,0.921436352,,,,,,,,,,,,0.077766012,0.083731906
98,11.91,14.055,14.70826389,-5.782346474,5.353099586,2,1.320178701,-0.353904005,,,,,,,,,,,0.112321637,0.037021067
99,17.27,16.755,15.48180556,8.266936305,58.6088439,2,1.411612768,-0.436246229,,,,,,,,,,,0.154519274,0.083019951
100,12.89,14.145,14.27506944,-6.150485588,5.34018675,1,0.95097716,,,,,,,,,,,,0.148898156,0.045968891
101,12.13,14.095,13.68534722,-5.631576545,5.379165752,4,1.148159309,-0.285196413,0.367435256,-0.271929228,,,,,,,,,0.106716534,0.051960388
102,11.49,12.395,12.29104167,-5.313660583,5.291801759,1,0.945600293,,,,,,,,,,,,0.004252766,0.034247143
103,20.92,17.32,17.06895833,-10.45101579,5.247623415,2,1.213841701,-0.243667932,,,,,,,,,,,0.262165635,0.144401219
104,8.6,11.23,10.94819444,1.603477327,-1.601586962,2,1.53183008,-0.546227962,,,,,,,,,,,0.916042765,0.07421712
105,5.42,9.03,8.635486111,2.161020472,-299.5393478,1,0.924289243,,,,,,,,,,,,0.283782266,0.038615547
106,13.96,12.62,11.37243056,-6.443121899,5.169170538,2,1.280206868,-0.374337589,,,,,,,,,,,0.068256641,0.057056562
107,19.42,16.79,16.13090278,-9.690521395,5.255642828,2,1.253766884,-0.310441697,,,,,,,,,,,0.16338908,0.06188741
108,10.22,15.37,15.03930556,-4.93047175,5.31470073,2,1.147887215,-0.183679698,,,,,,,,,,,0.776067366,0.022123758
109,14.74,15.82,15.44395833,-7.180743307,5.350298603,2,1.295584835,-0.333318001,,,,,,,,,,,0.544123797,0.056197285
110,6.86,12.37,12.13201389,2.983556312,234.386051,2,1.383731897,-0.39563874,,,,,,,,,,,0.664970534,0.014156427
111,7.82,11.89,12.09583333,3.601678382,-4.177643737,4,1.175126409,-0.164069593,0.211291688,-0.285324389,,,,,,,,,0.893669705,0.007109503
112,9.63,13.305,13.365,-4.647013246,5.144692347,2,1.291314809,-0.322319597,,,,,,,,,,,0.063024718,0.00595634
113,10.7,14.47,14.62076389,-4.992655074,5.230886352,2,1.265831678,-0.318686771,,,,,,,,,,,0.294834345,0.013367842
114,15.73,15.975,15.778125,-6.828469863,5.226892076,1,0.952745536,,,,,,,,,,,,0.01602726,0.065808138
115,16.44,16.52,16.39965278,-8.249758926,5.362122268,3,1.369242623,-0.087101351,-0.318670764,,,,,,,,,,0.172831408,0.03934848
116,6.06,12.16,11.95493056,2.181222893,1.869165007,2,1.235670806,-0.243534279,,,,,,,,,,,0.345163677,0.022609835
117,13.8,13.76,13.53291667,-6.41376206,5.292661128,1,0.9162871,,,,,,,,,,,,0.021543251,0.054106389
118,18.9,16.98,16.97430556,-9.339963728,5.332275232,2,1.225418917,-0.262351209,,,,,,,,,,,0.462231782,0.07343212
119,16.18,17.64,16.51701389,-6.329775732,-0.595701829,2,1.583975766,-0.606320019,,,,,,,,,,,0.05336947,0.084382101
120,8.4,17.64,16.85069444,3.715906316,-3.997167055,3,1.162780745,-0.554706357,0.314240214,,,,,,,,,,0.059027483,0.054801783
121,7.29,15.515,14.77090278,-2.544159304,-19.297069,2,1.336776877,-0.440829612,,,,,,,,,,,0.112245884,0.055019319
122,5.58,13.43,12.83305556,-1.455859102,-0.017118593,2,1.436041235,-0.537950103,,,,,,,,,,,0.203394701,0.09378484
123,3.78,11.53,11.04666667,-0.771745224,-0.38037724,2,1.323772009,-0.435203736,,,,,,,,,,,5.31677E-05,0.059689527
124,7.06,13.49,13.23826389,3.034673229,-4.051072261,2,1.186048838,-0.324985246,,,,,,,,,,,0.001093057,0.039112198
125,5.73,11.315,11.11881944,-1.736924492,-0.23841036,2,1.598905326,-0.611602476,,,,,,,,,,,0.123726683,0.010656552
126,7.05,9.955,10.01256944,3.396322102,-4.098115602,1,0.888732186,,,,,,,,,,,,0.585334852,0.031373541
127,12.2,12.06,11.97965278,-5.157346714,5.234669968,2,1.23890021,-0.283781492,,,,,,,,,,,0.405276646,0.044244636
128,16.29,15.525,15.29972222,-7.617904676,5.310189646,2,1.138104584,-0.25329867,,,,,,,,,,,0.027615096,0.056274182
129,17.02,17.46,17.789375,8.601516759,2.180542915,2,1.21118451,-0.249105919,,,,,,,,,,,0.822426599,0.052259797
130,16.01,17.825,17.91916667,-7.441413011,5.187192649,2,1.236812728,-0.339067701,,,,,,,,,,,0.001273031,0.049768023
131,16.29,19.505,18.25583333,-6.52821447,5.489867674,2,1.380783097,-0.420012559,,,,,,,,,,,0.020418486,0.174104575
132,9.68,11.61,9.530972222,2.912624788,-0.860252734,4,2.059996625,-1.488630491,0.680811665,-0.254414679,,,,,,,,,0.018197693,0.005751101
133,7.08,8.79,9.172083333,3.320233659,-4.072382927,6,0.889199599,0.001332911,0.258973408,0.036289536,0.124524114,-0.370676096,,,,,,,0.194138739,0.014028697
134,8.54,10.44,11.05916667,4.143507916,-10.46025189,2,1.200364407,-0.201702174,,,,,,,,,,,0.249712609,0.031915078
135,5.17,11.225,11.038125,1.607178684,1.915161385,4,1.527602374,-0.756945276,0.499325045,-0.312970698,,,,,,,,,0.487637069,0.01430394
136,9.07,12.065,11.94034722,4.090322468,8.527591424,1,0.821469162,,,,,,,,,,,,0.026126287,0.05820244
137,12.94,13.27,13.22263889,-5.795120413,5.283666587,1,0.928349045,,,,,,,,,,,,0.069377096,0.048829183
138,11.26,15.03,14.58277778,-5.026522127,5.319681395,4,1.112776776,-0.398040763,0.446955635,-0.249309356,,,,,,,,,0.056592769,0.057134929
139,19.96,18.35,18.47333333,-9.556248377,5.216032929,1,0.977083201,,,,,,,,,,,,0.01128321,0.087665705
140,15.18,19.15,18.95277778,-6.024613781,5.519829358,2,1.244011379,-0.302418611,,,,,,,,,,,0.054117734,0.084543337
141,5.76,16.11,16.35534722,-1.221860573,4.998205509,4,1.439936627,-0.587719525,0.485683845,-0.365767553,,,,,,,,,0.794151546,0.020167956
142,15.39,17.775,17.69090278,-7.159003517,5.315629468,1,0.933971709,,,,,,,,,,,,0.002638058,0.07521201
143,19.29,20.435,19.34548611,-8.476482417,5.634396136,2,1.55430738,-0.570934721,,,,,,,,,,,0.002180448,0.089036447
144,5.38,15.27,15.47395833,-1.016679568,0.779821796,2,1.644545274,-0.663392167,,,,,,,,,,,0.301620871,0.029612589
145,8.68,14.64,14.56590278,3.55803214,-16.31871857,2,1.214384193,-0.310550844,,,,,,,,,,,0.230318107,0.063769887
146,4.7,14.75,14.39555556,-2.107977603,-0.375451303,4,1.076049344,-0.344666154,0.418695124,-0.24814059,,,,,,,,,0.003793782,0.043732253
147,10.15,16.005,15.24111111,-4.611740082,5.100958445,1,0.929346253,,,,,,,,,,,,0.011452604,0.060869215
148,15.1,18.72,19.19784722,-6.63877758,5.298552385,1,0.959734243,,,,,,,,,,,,0.003567049,0.127664873
149,7.85,16.965,16.25729167,2.923967067,8.070457361,3,1.265059145,-0.508417154,0.221625534,,,,,,,,,,0.057177566,0.06656559
150,9.83,15.995,16.38673958,4.194094862,2.102856836,2,1.32308433,-0.424751951,,,,,,,,,,,0.490514627,0.089757799
151,5.86,14.77,15.08659722,-2.015770582,-6.988455572,2,1.368178427,-0.385255083,,,,,,,,,,,0.100091243,0.021186407
152,11.76,16.6,15.590625,-4.935762663,4.940100521,3,1.355806145,-0.693491505,0.252358586,,,,,,,,,,0.978596909,0.058531326
153,17.2,18.9,19.05777778,-7.500642708,5.083710178,2,1.141089001,-0.2330074,,,,,,,,,,,0.470194786,0.064807563
154,19.42,21.81,21.39993056,-8.682380636,-1.039795195,1,0.92341372,,,,,,,,,,,,0.095995399,0.134557142
155,18.75,22.015,18.64604167,-5.886250502,-0.243455129,2,1.543352801,-0.575924928,,,,,,,,,,,0.230285424,0.32059938
156,7.44,15.82,16.06847222,3.157835514,-4.004283374,2,1.621254255,-0.667603198,,,,,,,,,,,0.626432303,0.018602928
157,5.28,14.62,14.29326389,1.825883789,-41.78347247,2,1.442028176,-0.458068553,,,,,,,,,,,0.316858837,0.018237593
158,7.77,14.255,13.79701389,2.60723544,2.350879522,2,1.398272728,-0.47266734,,,,,,,,,,,0.093080744,0.062437461
159,7.16,15.35,15.31208333,-3.683590526,93.26429302,4,1.460610263,-0.873899959,0.532725333,-0.217103602,,,,,,,,,0.815000552,0.024558462
160,11.07,16.555,16.56479167,-5.218646124,5.400091688,2,1.19562084,-0.262368134,,,,,,,,,,,0.115471413,0.048229788
161,10.3,17.53,16.18826389,3.859024639,-10.03036533,2,1.480094208,-0.509187721,,,,,,,,,,,0.157069241,0.051731825
162,4.87,16.735,15.80513889,-1.628275328,-0.261515581,2,1.374049437,-0.415503862,,,,,,,,,,,0.734478036,0.01615829
163,4.16,16.33,16.15298611,2.068993839,7.885326482,4,1.353819861,-0.664007464,0.461032868,-0.188203924,,,,,,,,,0.649969808,0.013603038
164,19.23,24.475,24.65854167,-9.52711034,5.145107915,1,0.994650209,,,,,,,,,,,,0.803187524,0.104178054
165,23.38,29.46,27.69229167,-9.58869389,5.681394791,3,1.557066812,-0.832469816,0.203904778,,,,,,,,,,0.33302545,0.700944204
166,5.94,22.23,21.38076389,1.656437929,27.26188607,4,1.649281419,-1.064146086,0.582259936,-0.262289843,,,,,,,,,0.313164719,0.023016885
167,8.37,22.105,21.26118056,-2.150581484,-0.015348744,3,1.548250071,-1.050825779,0.414770528,,,,,,,,,,0.007979419,0.128208659
168,12.53,23.375,21.51541667,-4.806801361,-13.25068219,2,1.353189767,-0.40671742,,,,,,,,,,,0.303057824,0.133391362
169,13.51,24.745,24.65291667,-6.562169507,5.318009348,2,1.105389367,-0.256462903,,,,,,,,,,,0.560495703,0.067755991
170,5.42,18.16,18.42513889,-0.821030219,13.90760339,2,1.496110433,-0.499514617,,,,,,,,,,,0.57166951,0.015642972
171,15.5,21.04,20.46104167,6.97346465,-3.800258382,6,1.542787223,-0.950888848,0.661715847,-0.490653731,0.475556107,-0.30335603,,,,,,,0.581722921,0.117048861
172,8.78,21.31,20.77611111,3.702174597,2.078099122,2,1.408666262,-0.49116621,,,,,,,,,,,0.645321738,0.026354644
173,13.39,23.425,22.49618056,-6.028001812,5.282435936,1,0.911034655,,,,,,,,,,,,0.309953162,0.132603126
174,15.49,21.925,22.33270833,-7.100624815,5.493917729,2,1.239324018,-0.315684665,,,,,,,,,,,0.063650105,0.130484795
175,17.16,22.79,22.33048611,-7.472643976,5.370739346,2,1.13402545,-0.203700561,,,,,,,,,,,0.380230403,0.11393209
176,17.86,21.75,21.99076389,-7.814180086,5.348538178,1,0.953960945,,,,,,,,,,,,0.195264481,0.08086199
177,13.28,24.66,23.51763889,-6.626427949,5.063588116,1,0.96093897,,,,,,,,,,,,0.022726443,0.10047717
178,21.13,26.055,26.05590278,-9.56741442,5.310752044,2,1.216363264,-0.278158998,,,,,,,,,,,0.028139464,0.137325217
179,23.28,27.72,26.71416667,-8.733764322,5.713585853,2,1.567642861,-0.603576148,,,,,,,,,,,0.79171077,0.250184683
180,11.68,24.86,24.42090278,-4.59290037,-0.463551283,3,1.555160102,-0.814224673,0.206149502,,,,,,,,,,0.830657671,0.078206166
181,11.03,21.295,20.76340278,-4.494123508,-0.995790394,2,1.262371185,-0.406546927,,,,,,,,,,,0.2951339,0.162687403
182,11.85,20.995,21.12159722,4.855454528,-41.68563925,2,1.080887539,-0.200839406,,,,,,,,,,,0.000348742,0.073675943
183,20.74,27.68,26.81506944,-9.613951675,5.253182329,2,1.283053439,-0.33142294,,,,,,,,,,,0.00147464,0.133152764
184,15.43,24.375,23.47673611,-5.317147473,-0.270210338,2,1.447801492,-0.487945592,,,,,,,,,,,0.390043538,0.311673634
185,13.28,22.22,21.40520833,-5.532100753,5.282845959,3,0.934339435,-0.324440986,0.331526519,,,,,,,,,,0.583175743,0.132356626
186,17.73,22.745,23.91013889,7.890023879,-4.174155268,4,1.389536148,-0.681372492,0.508987396,-0.230341884,,,,,,,,,0.111898211,0.077130257
187,11.26,27.98,27.40423611,-4.493619726,5.145637001,2,1.155497533,-0.200242627,,,,,,,,,,,0.024873329,0.074506
188,11.02,19.14,19.88944444,2.668190034,10.33961288,2,1.313443592,-0.324140926,,,,,,,,,,,0.811719153,0.201001843
189,10.92,18.46,17.97944444,-4.79794327,5.187909644,6,1.229821152,-0.555317175,0.291958697,-0.327368146,0.525329145,-0.269427152,,,,,,,0.631314257,0.078968467
190,5.65,16.665,15.76951389,1.874612706,1.731000574,2,1.43473764,-0.471342371,,,,,,,,,,,0.438206721,0.016662758
191,18.61,23.395,22.13659722,-8.797055211,11.30098058,2,1.428750958,-0.452059169,,,,,,,,,,,0.000213851,0.084956055
192,18.6,25.8,24.02090278,-7.934727465,0.033293361,5,1.734975014,-1.107028265,0.44397448,0.091857197,-0.195192365,,,,,,,,0.992365812,0.1143051
193,9.05,18.605,18.08395833,3.72910224,2.124233477,3,1.074526326,-0.463855852,0.296638995,,,,,,,,,,0.274450657,0.101447365
194,14.46,18.06,18.30527778,-6.801998497,5.28534343,3,1.125431511,-0.589318084,0.346447605,,,,,,,,,,0.033275876,0.115841727
195,20.48,21.26,21.29659722,-9.276396562,5.265947855,4,1.168783033,-0.421117963,0.413610142,-0.22112708,,,,,,,,,0.049638584,0.117974624
196,20.97,22.925,24.21909722,9.970983622,83.94810108,4,1.41143175,-0.746286183,0.546753973,-0.242499448,,,,,,,,,0.000179208,0.146051521
197,5.89,18.105,18.03763889,-0.986396356,-0.360069001,2,1.50379818,-0.52662825,,,,,,,,,,,0.00549526,0.041972286
198,8.26,18.14,17.86902778,3.660112438,-3.782145928,2,1.24348107,-0.301933413,,,,,,,,,,,0.35385062,0.044587067
199,13.32,19.36,19.67673611,-5.834090469,5.197514954,2,1.268493459,-0.312147545,,,,,,,,,,,0.077131723,0.070288411
200,18.24,25.13,24.21833333,-7.639223736,5.300206418,1,0.956220957,,,,,,,,,,,,0.111588471,0.143378786
201,24.61,26.935,27.34965278,-11.51859787,5.279541698,3,1.309276978,-0.58525122,0.233836452,,,,,,,,,,0.788375364,0.196584329
202,14.21,24.375,23.38256944,-4.701510292,5.806617698,2,1.545892078,-0.583255174,,,,,,,,,,,0.020851667,0.157431762
203,14.19,22.825,21.24097222,-6.328472421,5.281680875,6,1.172433929,-0.358285112,-0.017969816,0.292993231,0.081594095,-0.224609491,,,,,,,0.03714879,0.097679757
204,16.79,20.275,20.75881944,-7.43390756,5.288316454,1,0.937948006,,,,,,,,,,,,0.001175973,0.090469335
205,14.24,22.02,21.79861111,-6.486261024,5.266044135,2,0.990444717,-0.241248596,,,,,,,,,,,0.087781652,0.128622525
206,23.52,25.81,25.47576389,-11.29401367,5.285178377,2,1.325204609,-0.374376048,,,,,,,,,,,6.27005E-07,0.245910766
207,17.79,27.405,26.565,-7.324886288,5.258071989,3,1.085576454,-0.421776776,0.260860326,,,,,,,,,,0.003469511,0.31400375
208,12.26,24.61,22.34333333,-4.325189468,-0.674816414,4,1.774437653,-1.271689935,0.5924663,-0.182009861,,,,,,,,,0.619144714,0.187706944
209,20.84,25.22,26.34333333,-10.06106349,5.229992656,1,0.988648829,,,,,,,,,,,,0.08634248,0.132690035
210,15.18,28.48,29.42361111,6.611539077,-3.541081442,2,1.38758667,-0.444743584,,,,,,,,,,,0.393627586,0.129681827
211,14.25,24.605,23.77076389,-6.249401101,5.309450547,2,1.218954481,-0.249985259,,,,,,,,,,,0.058548601,0.084594418
212,22.76,24.56,24.37444444,-10.63133833,5.207820803,2,1.13564251,-0.251292261,,,,,,,,,,,0.310282857,0.141061529
213,24.3,27.05,27.02006944,-11.42003209,11.47826824,3,0.945387634,-0.395069958,0.300172578,,,,,,,,,,0.052108991,0.130083926
214,36.03,34.095,33.06222222,-16.99151285,5.374525001,2,1.314161485,-0.368814134,,,,,,,,,,,0.013527016,0.272972415
215,8.8,24.39,23.64458333,-2.420687895,0.360267122,2,1.562048789,-0.58048638,,,,,,,,,,,0.002889453,0.097164954
216,6.49,20.805,20.23763889,2.755794934,-67.15267474,1,0.978114286,,,,,,,,,,,,0.212453435,0.049298985
217,10.77,20.615,19.79840278,-4.794883719,5.254585232,4,1.37385334,-0.779060945,0.549299786,-0.194415847,,,,,,,,,0.058389183,0.06983516
218,24.39,24.165,23.795625,-11.67498626,5.293485795,2,1.218248103,-0.271372605,,,,,,,,,,,0.000118113,0.111575723
219,26.55,27.145,27.71097222,-13.16330159,11.57532902,2,1.169857696,-0.215899655,,,,,,,,,,,7.71726E-05,0.118605263
220,31.68,32.31,31.80222222,15.52044086,-689.0902413,2,1.240915168,-0.308715136,,,,,,,,,,,0.734193674,0.180892252
221,35.06,38.14,37.17680556,-16.7274333,5.33756475,2,1.216493839,-0.305698262,,,,,,,,,,,0.009719468,0.327343764
222,32.86,37.36,35.94229167,-16.06669714,11.71955272,3,1.110789518,-0.43067102,0.277467389,,,,,,,,,,0.270911847,0.547110157
223,10.04,26.63,26.48631944,-3.882500328,4.877567144,2,1.427202047,-0.511104987,,,,,,,,,,,0.246547205,0.124545274
224,23.94,34.1,31.63701389,10.12191843,-1983.151754,4,1.253803715,-0.504123414,0.410884858,-0.243889391,,,,,,,,,0.514722141,0.416950867
225,29.38,33.62,30.27604167,-11.76364376,5.678401892,2,1.261581395,-0.299665092,,,,,,,,,,,0.755157606,0.664761318
226,22.25,30.425,28.99513889,-8.388125423,5.671763159,2,1.478749357,-0.50282113,,,,,,,,,,,0.229210802,0.17226233
227,8.1,26.14,25.76430556,2.956537858,-3.941901709,2,1.545268891,-0.601890074,,,,,,,,,,,0.053133638,0.055412711
228,8.65,25.255,24.16340278,2.913993527,14.16122884,4,1.273120534,-0.376095664,0.408317255,-0.342281967,,,,,,,,,0.347248195,0.044826628
229,20.91,31.285,29.32465278,-9.594424278,5.209699257,2,1.252129311,-0.329032196,,,,,,,,,,,0.098697508,0.179193798
230,10.64,25.29,23.31506944,-2.887056493,-0.142174556,2,1.418522588,-0.461181707,,,,,,,,,,,0.250636897,0.141988527
231,13.89,23.925,23.26041667,-6.438427663,5.458867983,2,1.321991116,-0.372403351,,,,,,,,,,,0.011407535,0.102909845
232,17.76,24.81,24.07090278,-8.211953485,5.350602862,2,1.280450208,-0.399176064,,,,,,,,,,,0.208297215,0.157454364
233,27.11,29.865,28.71638889,-13.00941144,11.53232502,2,1.27684589,-0.346910709,,,,,,,,,,,0.078068805,0.178279859
234,34.8,37.54,36.66319444,-16.20118459,11.679088,2,1.296996297,-0.326572709,,,,,,,,,,,0.168792601,0.201158938
235,9.43,26.935,26.58680556,1.344156957,7.835386128,2,1.475290122,-0.485679075,,,,,,,,,,,0.256426464,0.108076288
236,10.74,22.58,21.71465278,3.629506618,-3.890701586,4,1.63791856,-0.971719575,0.489891425,-0.221731404,,,,,,,,,0.500056089,0.183713205
237,11.93,20.245,19.70284722,-5.114832636,5.399973187,3,1.381374526,-0.711529457,0.266448018,,,,,,,,,,0.14813137,0.056508012
238,15.2,19.97,20.84,-7.239724691,5.228233826,6,1.353911444,-0.462424285,0.318803497,-0.347663979,0.371180035,-0.247276339,,,,,,,0.974229227,0.07554987
239,6.12,23.13,23.50590278,-1.557735915,0.567708001,2,1.381570945,-0.421965547,,,,,,,,,,,0.104394583,0.044132673
240,9.74,20.01,20.07173611,2.884244062,-3.93261907,2,1.214071109,-0.227012343,,,,,,,,,,,0.009263708,0.058525329
241,13.22,20.26,20.33131944,-6.064824745,5.367570287,2,1.491009155,-0.526219206,,,,,,,,,,,0.645905932,0.049836396
242,8.79,21.465,20.92847222,3.861169029,27.34130686,2,1.269834501,-0.297004884,,,,,,,,,,,0.758673855,0.023148061
243,6.69,18.785,17.81673611,-2.06798662,0.094166698,2,1.670924793,-0.685448108,,,,,,,,,,,0.233493322,0.016477445
244,5.92,18.21,17.10326389,1.885368306,-3.823262696,4,1.582609451,-1.01909406,0.697936249,-0.316789241,,,,,,,,,0.522587943,0.018861155
245,6.56,15.39,15.55375,-1.071286804,-0.553125934,3,1.654673536,-0.864353775,0.203718679,,,,,,,,,,0.711842891,0.018660903
246,12,16.41,15.60805556,-5.791283347,5.30162931,4,1.233671181,-0.341337093,0.315888154,-0.266031742,,,,,,,,,0.018906094,0.065320461
247,14.75,18.155,17.97541667,-6.884183945,5.344284062,4,1.237464951,-0.143197289,0.100689037,-0.235073194,,,,,,,,,0.529155526,0.050139447
248,15.86,24.87,24.52215278,-6.640250326,5.513557741,2,1.370368936,-0.418418061,,,,,,,,,,,2.53597E-06,0.07203502
249,7.31,16.925,17.89861111,-1.624905007,0.365405255,2,1.477242338,-0.487618935,,,,,,,,,,,0.108960434,0.046810863
250,10.15,16.575,16.20090278,4.653917438,-129.654489,1,0.891129246,,,,,,,,,,,,0.407357837,0.057911811
251,13.41,17.715,17.13111111,-6.114955217,5.411487932,1,0.965658789,,,,,,,,,,,,0.015375935,0.06309081
252,19.91,20.215,19.90951389,-10.20740476,5.295561731,2,1.494324303,-0.542613283,,,,,,,,,,,0.77543402,0.059385983
253,22.72,23.68,23.42354167,-10.65811302,5.291916919,2,1.61146722,-0.627594928,,,,,,,,,,,0.163735264,0.073569323
254,10.15,18.355,18.77847222,-2.365968255,-38.6811476,4,1.619694167,-1.009752397,0.582381226,-0.199766777,,,,,,,,,0.760822397,0.101039133
255,18.52,19.79,19.23666667,-9.021109148,5.280489042,1,0.945875006,,,,,,,,,,,,0.02116893,0.126653451
256,21.12,22.99,22.12326389,-10.46487918,5.256943677,2,1.429178465,-0.458609504,,,,,,,,,,,0.454329747,0.071909921
257,22.99,24.765,22.67069444,-10.11996238,5.229967682,2,1.214082631,-0.25075747,,,,,,,,,,,0.000534632,0.148177815
258,28.39,27.905,26.10215278,-13.6074972,11.5822667,4,1.383605009,-0.529212847,0.399673998,-0.285743752,,,,,,,,,0.727992606,0.106950242
259,27.94,28.91,26.83909722,-13.17493166,11.63171682,2,1.379681247,-0.406399422,,,,,,,,,,,0.241923673,0.141171491
260,24.93,28.325,26.73381944,-11.02336867,5.394051217,2,1.271862161,-0.300110551,,,,,,,,,,,0.004618772,0.170151129
261,10.4,17.31,17.335625,-0.983578547,-32.73542465,6,1.209920441,-0.349020216,0.44037645,-0.150636044,0.095335873,-0.252329664,,,,,,,0.020099394,0.03224565
262,14.9,16.56,16.03708333,-6.691408869,5.247579848,5,1.431970451,-0.634809731,0.228761327,0.171911223,-0.260609711,,,,,,,,0.993751885,0.032448771
263,17.91,17.445,16.11986111,-8.409792085,11.40471657,2,1.49798323,-0.530000342,,,,,,,,,,,0.264050947,0.041763851
264,18.66,18.59,17.711875,-8.757664441,5.152331404,2,1.369182237,-0.407538807,,,,,,,,,,,0.891427252,0.044892698
265,19.58,19.9,18.46951389,-8.965316858,5.268107615,1,0.966852084,,,,,,,,,,,,0.002233085,0.106684554
266,23.36,23.06,21.57354167,-11.0745179,5.292757027,2,1.486445813,-0.509695363,,,,,,,,,,,0.168663553,0.080927822
267,16.84,22.45,20.74388889,-7.007903741,5.179226431,2,1.341512568,-0.388971356,,,,,,,,,,,0.670490133,0.089190739
268,9.39,20.465,20.69319444,-4.319592141,-6.854759559,4,1.211208284,-0.570414464,0.451472166,-0.230907945,,,,,,,,,0.715839198,0.062173962
269,5.61,14.225,14.565625,-1.449449344,0.320292708,2,1.293609695,-0.297672441,,,,,,,,,,,0.023998129,0.019776672
270,2.54,10.4,10.77833333,-0.892726687,0.785843243,2,1.443836136,-0.447806366,,,,,,,,,,,0.12035842,0.003514488
271,7.04,10.93,11.02944444,3.253382025,2.068226279,2,1.434677411,-0.487952345,,,,,,,,,,,0.765618703,0.015185416
272,10.28,13.67,12.96645833,-4.804339498,5.144781219,2,1.638060226,-0.659014917,,,,,,,,,,,0.048315749,0.021050868
273,12.02,15.75,14.71256944,4.664882621,-330.7317406,2,1.378888861,-0.42610977,,,,,,,,,,,0.008339269,0.061662405
274,10.14,14.8,13.78944444,4.478835584,8.504678606,4,1.051533589,0.08436834,0.126994693,-0.304377169,,,,,,,,,0.482340333,0.017850927
275,12.48,16.48,15.22965278,-5.853370974,5.148057067,7,1.463496577,-0.709936324,0.452402018,-0.031139149,-0.273793036,0.32609312,-0.262884106,,,,,,0.394284073,0.027071184
276,11.88,18.36,17.71819444,-4.926983797,5.246530264,2,1.445272053,-0.465375864,,,,,,,,,,,0.413845449,0.036519926
277,11.89,18.045,16.50611111,3.655632053,-16.31073599,4,1.849285435,-1.265308854,0.649655005,-0.247161862,,,,,,,,,0.287676047,0.03136573
278,8.43,13.765,13.85951389,3.701233325,-3.886981994,2,1.406200898,-0.454928286,,,,,,,,,,,0.033884737,0.036277643
279,7.52,13.82,13.38847222,3.291819231,-4.294234413,3,1.66914557,-0.887564817,0.186692396,,,,,,,,,,0.360168772,0.022502915
280,2.99,14.535,14.379375,-1.156461154,-0.592084237,2,1.522169848,-0.567777559,,,,,,,,,,,0.651240646,0.006101485
281,3.52,14.55,14.13166667,-1.412896578,-0.501954794,5,1.486003613,-0.821336856,0.34775558,0.114593764,-0.215535828,,,,,,,,0.025533517,0.018171581
282,5.76,14.04,14.74423611,2.663172351,8.004940429,2,1.577489571,-0.589258644,,,,,,,,,,,0.021776937,0.011641531
283,3.53,15.285,14.87173611,0.92242062,-0.199073079,2,1.597428874,-0.611969329,,,,,,,,,,,0.703919022,0.010583255
284,5.9,10.81,11.94951389,-1.293426954,0.639388666,4,1.586532712,-0.741360831,0.432663437,-0.28563562,,,,,,,,,0.515929642,0.014386307
285,5.98,10.21,9.769930556,-2.746705189,-0.655653942,3,1.148172632,-0.47736839,0.255135533,,,,,,,,,,0.806608024,0.014730022
286,7.43,11.505,10.49576389,3.085126364,-10.0955476,2,1.345623531,-0.417858751,,,,,,,,,,,0.003531044,0.038132986
287,4.44,10.85,10.67645833,1.827720798,-66.88866427,2,1.36671885,-0.388966304,,,,,,,,,,,0.513937446,0.008179346
288,0.67,10.565,10.54805556,-0.109195688,0.845307289,4,1.49211014,-0.770429325,0.497846561,-0.248105383,,,,,,,,,0.107147972,0.000763895
289,0.73,10.815,10.81159722,-0.313952145,-0.97990967,2,1.466704116,-0.524987712,,,,,,,,,,,0.145303033,0.000239905
290,2.3,11.05,10.84444444,-0.515427732,-0.295104423,4,1.659440424,-1.148963472,0.729634311,-0.296107055,,,,,,,,,0.281421635,0.006340637
291,1.1,10.32,10.24791667,-0.343138526,-0.922264451,3,1.272597115,-0.589532247,0.255883175,,,,,,,,,,0.151959475,0.002203337
292,3.67,11.795,11.13236111,-1.233721017,-0.949606157,6,1.089312818,-0.096393392,0.135272408,-0.271810086,0.367466879,-0.302170177,,,,,,,0.998011335,0.008526879
293,6.3,11.01,11.00131944,-1.921232359,-0.397793627,6,1.48678097,-0.775278802,0.487285554,-0.171876337,0.200238146,-0.240175298,,,,,,,0.700853582,0.008370116
294,9.97,11.915,11.47138889,-4.479909023,5.188482037,2,1.541800438,-0.550934752,,,,,,,,,,,0.106268771,0.018522156
295,8.99,16.885,15.69569444,-3.59602995,11.37198221,2,1.515672918,-0.560032884,,,,,,,,,,,0.000815551,0.034362515
296,8.53,20.115,19.019375,2.999592366,-3.905057123,2,1.489046066,-0.52196295,,,,,,,,,,,0.092201388,0.050383435
297,4.21,17.115,17.24743056,-0.807543973,-0.257570052,2,1.555898674,-0.562969235,,,,,,,,,,,0.007007757,0.009405045
298,7.79,14.865,15.30243056,2.281793744,-4.116266663,2,1.486162354,-0.510417802,,,,,,,,,,,0.098353152,0.037242972
299,6.45,15.065,14.85138889,2.436651951,-4.060665616,4,1.471447312,-0.662382896,0.416258689,-0.262874071,,,,,,,,,0.40789379,0.01909089
300,3.14,12.63,12.38451389,0.376409626,4.487341575,2,1.310931468,-0.316212753,,,,,,,,,,,0.270782736,0.010237531
301,3.72,11.88,11.55291667,-1.01341685,-0.77282961,3,1.653423169,-0.938247968,0.250167068,,,,,,,,,,0.009414925,0.011375335
302,4.55,12.905,12.38555556,-1.410098141,-6.943382351,3,1.661003551,-1.02191216,0.335492657,,,,,,,,,,0.145857547,0.020661748
303,3.55,12.195,12.17798611,-0.387202413,1.031240471,2,1.532002501,-0.593860992,,,,,,,,,,,0.019203552,0.034668881
304,5.65,13.165,14.22847222,2.141478887,-23.03160589,3,1.889667612,-1.144701153,0.252910562,,,,,,,,,,0.042169847,0.005952723
305,4.96,14.69,14.94833333,-1.316071481,0.264637343,6,1.83908949,-1.397066055,1.202495793,-1.105410813,0.661877187,-0.209583635,,,,,,,0.498884117,0.00585302
306,5.74,14.98,14.91826389,2.311515978,1.482569167,6,1.784594685,-1.303708294,0.977961703,-0.785113903,0.665558679,-0.345493185,,,,,,,0.956745894,0.008039726
307,5.91,20.525,20.64493056,-2.088969876,24.23954617,2,1.541867342,-0.559236086,,,,,,,,,,,0.632641565,0.011138924
308,8.61,16.685,14.38680556,-0.180998766,0.246220101,2,1.599037154,-0.615271903,,,,,,,,,,,0.999884881,0.059605832
309,5.78,9.71,10.42027778,-1.264451069,0.444906422,2,1.335603271,-0.338640827,,,,,,,,,,,0.136120834,0.020765073
310,7.42,9.28,7.919305556,2.793988607,-4.141751836,10,1.287986978,-0.509846424,0.328785625,-0.124930614,0.00627094,-0.006257012,0.191205081,-0.054986216,0.012801151,-0.185361146,,,0.421886176,0.011005086
311,8.56,9.88,8.152569444,3.389195781,-4.06753589,3,1.452270222,-0.246474308,-0.224074165,,,,,,,,,,0.059170028,0.011888827
312,13,11.66,8.822777778,-4.701504339,5.330894966,4,1.666492794,-0.930720881,0.490449463,-0.252512662,,,,,,,,,0.689385328,0.043398358
313,10.02,10.72,9.014930556,4.045425571,2.118116948,6,1.538962485,-0.745734024,0.293289274,-0.179821332,0.439675767,-0.380144593,,,,,,,0.888460171,0.018154105
314,5.02,8.84,7.925833333,1.758964658,-104.5846607,2,1.505729076,-0.529420895,,,,,,,,,,,0.664208289,0.011159243
315,5.26,8.65,7.499236111,-1.230197647,-0.848688108,12,1.475989334,-0.679549483,0.676106136,-0.617814658,0.289507802,-0.504624694,0.37175692,-0.048480884,0.212995186,0.025464922,-0.4343998,0.193994597,0.813315827,0.008688351
316,4.58,9.13,9.578819444,2.050871596,8.211504239,5,1.221701281,-0.168535999,0.159468902,0.00129088,-0.217025228,,,,,,,,0.182629807,0.003876059
317,4.17,10.165,10.1825,1.474968343,8.348372454,4,1.713489762,-1.100534976,0.680755092,-0.311131684,,,,,,,,,0.182101575,0.006275416
318,9.32,10.93,10.53229167,-3.939915151,4.864904164,2,1.681318147,-0.697281512,,,,,,,,,,,0.080264449,0.020074232
319,7.84,15.44,14.35270833,-2.700160378,-0.513551695,2,1.569140409,-0.585430897,,,,,,,,,,,0.098184458,0.017809487
320,7.32,14.41,13.74340278,2.370800206,-10.28705891,2,1.430455124,-0.46193302,,,,,,,,,,,0.954223266,0.035703319
321,2.95,12.695,12.48958333,-0.737062741,-0.703460981,2,1.458000371,-0.484332275,,,,,,,,,,,0.001936722,0.012708827
322,2.33,12.115,12.398125,0.755546643,-4.525644939,2,1.45044618,-0.487495125,,,,,,,,,,,0.469197469,0.002634273
323,5.5,13.51,12.73694444,-1.375669193,-0.397714851,2,1.494796518,-0.514723135,,,,,,,,,,,0.815461862,0.015775931
324,5.14,10.89,11.17090278,-1.561070493,0.428803205,2,1.316376508,-0.360655613,,,,,,,,,,,0.502765213,0.029861282
325,3.34,7.68,7.745972222,-0.746879078,-0.40965064,2,1.324966019,-0.334490367,,,,,,,,,,,0.027131487,0.0081556
326,4.31,7.095,7.019930556,1.975676464,8.12916565,2,1.734384294,-0.742792747,,,,,,,,,,,0.46537081,0.004650002
327,4.13,9.815,9.595,-1.700230319,5.500849734,3,1.654459812,-0.923737799,0.218005822,,,,,,,,,,0.174359893,0.005745571
328,5.37,8.555,8.955,-1.719851061,0.153424703,2,1.327904864,-0.332919982,,,,,,,,,,,0.244945452,0.009030666
329,4.54,7.14,6.826111111,1.725285124,20.9210728,4,1.796628516,-1.117371963,0.583129558,-0.281567925,,,,,,,,,0.95574089,0.003924329
330,5.38,8.42,7.633333333,-1.603512669,-0.794685408,2,1.774550815,-0.785407819,,,,,,,,,,,0.045704345,0.004383975
331,4.14,7.53,7.228819444,1.943107151,46.04646665,2,1.540527398,-0.563126202,,,,,,,,,,,0.051210185,0.002797204
332,4.39,7.795,7.011666667,-1.601480098,564.5559531,6,1.134672349,-0.228910795,0.239601311,-0.232851809,0.376940336,-0.346831752,,,,,,,0.029442423,0.012802753
333,1.31,6.505,6.552361111,0.618807812,-10.86236603,5,1.481716265,-0.647332519,0.205151548,0.189640586,-0.252970253,,,,,,,,0.763273432,0.000900419
334,1.2,7.23,7.145347222,0.502041848,-4.385944938,1,0.932487362,,,,,,,,,,,,0.325717976,0.001557145
335,2.82,7.07,6.890972222,-0.67791213,-20.07718985,5,1.328262262,-0.428336169,0.282106626,-0.029917594,-0.184137386,,,,,,,,0.903369591,0.004924731
336,1.13,6.615,6.604097222,-0.400499418,67.92827931,2,1.413088416,-0.460023921,,,,,,,,,,,0.190868192,0.00099171
337,1.33,6.055,6.127638889,-0.431018752,7.527632954,4,1.507547474,-0.769439256,0.5410679,-0.292692215,,,,,,,,,0.68314234,0.001262574
338,0.98,5.96,5.901875,0.413826433,-4.502385176,2,1.559534523,-0.607543189,,,,,,,,,,,0.643890273,0.000469673
339,3.26,7.51,6.930763889,-1.04473701,-0.83998248,3,1.367282304,-0.197437907,-0.211632577,,,,,,,,,,0.812226053,0.004517759
340,2.72,6.94,7.204513889,-1.07437962,11.43597464,7,1.122806888,-0.481215285,0.464105736,-0.209365293,0.292819091,-0.087554805,-0.181845815,,,,,,0.280437239,0.010353919
341,1.35,6.815,6.871388889,0.237940232,0.59432876,7,1.163618203,-0.426899507,0.370331249,0.124025648,-0.173557332,0.143277621,-0.232610562,,,,,,0.886824987,0.002080982
342,1.32,7.65,7.753680556,-0.492109042,-0.620949727,3,1.470609979,-0.723596858,0.211038629,,,,,,,,,,0.825895795,0.002536641
343,3.66,7.87,7.617222222,-0.911400526,-0.118300337,4,1.518388771,-0.73226009,0.455769266,-0.257479941,,,,,,,,,0.269859792,0.006510592
344,1.7,7.07,7.103333333,-0.542477025,-0.898041338,2,1.267092043,-0.294874933,,,,,,,,,,,0.717932687,0.002053417
345,0.45,7.105,7.064027778,-0.062927641,0.446847499,1,0.936387325,,,,,,,,,,,,0.25895605,0.001002889
346,1.22,6.91,7.102430556,-0.315887277,0.242359211,2,1.330069177,-0.344173352,,,,,,,,,,,0.691579667,0.000794533
347,1.87,7.575,7.586597222,-0.872891587,30.22619202,4,1.681996623,-0.852584965,0.424156629,-0.27163624,,,,,,,,,0.908514363,0.000542539
348,2.35,8.855,8.568958333,-1.069609776,-0.902944767,2,1.34819208,-0.377923464,,,,,,,,,,,0.004789599,0.002224206
349,3.69,9.245,8.702222222,-1.34253311,5.555720144,2,1.510365402,-0.534983498,,,,,,,,,,,0.658575368,0.005078894
350,3.12,9.56,9.359583333,-1.260244497,17.70579702,6,1.544943558,-0.472218866,-0.307658529,0.342148989,0.116021722,-0.253100847,,,,,,,0.782282256,0.002665956
351,3.94,11.33,10.378125,-0.998256715,-0.661389033,4,1.775041755,-1.109780255,0.586366373,-0.276752148,,,,,,,,,0.031770118,0.007139334
352,3.52,8.59,8.850069444,-0.936726585,-0.308238067,2,1.52086969,-0.52874402,,,,,,,,,,,0.485186129,0.004029981
353,5.74,8.87,7.905416667,2.077743036,-10.30201891,2,1.492685118,-0.517783763,,,,,,,,,,,0.660925359,0.013516134
354,4.98,8.86,8.12375,1.664795429,8.496531158,2,1.613331983,-0.633370104,,,,,,,,,,,0.008847656,0.008197878
355,2.38,7.76,7.800069444,1.057096346,-17.04630174,2,1.554216464,-0.619926711,,,,,,,,,,,0.32145963,0.001432492
356,3.36,8.38,8.278888889,1.126927138,1.635220977,2,1.652685626,-0.671678638,,,,,,,,,,,0.184025929,0.006056714
357,6.76,13.16,13.48770833,-2.467056329,-0.658009669,2,1.539804032,-0.554988042,,,,,,,,,,,0.794510924,0.010049116
358,2.32,12.45,12.341875,0.842552305,1.051397085,2,1.200385723,-0.252414543,,,,,,,,,,,0.231946858,0.005197652
359,5.58,10.36,9.832986111,1.980878941,-1.436802616,2,1.592873061,-0.599361755,,,,,,,,,,,0.435532293,0.018020485
360,1.63,6.735,6.824513889,0.335490779,-45.53221468,3,1.558630994,-0.458777524,-0.104748247,,,,,,,,,,0.006767321,0.000969898
361,2.4,6.07,6.134722222,1.036096394,-10.94861965,2,1.651333564,-0.668187551,,,,,,,,,,,0.057107054,0.001775953
362,1.31,6.665,6.539375,0.470681066,0.650474493,5,1.583858438,-0.881977705,0.673754192,-0.666917211,0.260252972,,,,,,,,0.565129232,0.000969105
363,2.09,7.225,6.929722222,-0.814548239,-0.44979885,5,1.564229785,-0.780469277,0.248875699,0.180007665,-0.239813115,,,,,,,,0.293533309,0.001631334
364,2.39,6.785,6.93125,-0.903514958,-0.997943772,4,1.362584513,-0.624344562,0.515261027,-0.315473968,,,,,,,,,0.780036739,0.00540607
365,2.17,7.625,7.398611111,-0.777876937,-1.045534558,2,1.184096822,-0.247924799,,,,,,,,,,,0.414534918,0.00610802
366,1.74,6.95,7.012083333,0.695521629,-4.54564507,2,1.37533244,-0.47100114,,,,,,,,,,,0.186792067,0.005219674
