range,midpoint,mean,A1,psi1,p,phi1,phi2,phi3,phi4,phi5,phi6,phi7,phi8,phi9,phi10,phi11,phi12,ljung,var
4.2,-2.79,-2.583194444,-0.59639027,-0.863073736,1,0.989303048,,,,,,,,,,,,0.038993682,0.034162134
6.07,-4.255,-4.191736111,2.681194078,-4.826006246,2,1.210161341,-0.230011539,,,,,,,,,,,0.454171691,0.03929855
7.26,2.35,2.047847222,1.886586534,1.387873068,2,1.778068163,-0.791891267,,,,,,,,,,,0.306722338,0.010618397
4.63,1.605,0.748263889,0.671831726,0.503877917,3,1.763788693,-1.003939731,0.236559603,,,,,,,,,,0.991912667,0.011451322
3.69,-1.075,-1.008333333,1.244434055,0.701875488,2,1.180620368,-0.258313757,,,,,,,,,,,0.020341425,0.025136793
3.76,-0.58,0.019375,-1.531607349,95.18752269,2,1.272580032,-0.27486616,,,,,,,,,,,0.160750582,0.005771634
5.31,0.355,0.233194444,2.345408589,-10.37290407,2,1.296042193,-0.325149323,,,,,,,,,,,0.165880126,0.011399983
4.52,2.05,2.494166667,2.018345835,1.758653586,2,1.498559301,-0.501347145,,,,,,,,,,,0.672854228,0.008047655
3.97,6.205,6.358680556,1.707149199,1.635924789,2,1.597867796,-0.600336078,,,,,,,,,,,0.013993981,0.004373359
7.26,4.25,4.967291667,1.199612589,4.651972332,2,1.653805394,-0.656310273,,,,,,,,,,,0.016490996,0.013886724
3.5,-0.63,-0.754861111,1.187345826,10.95871033,2,1.21722363,-0.226731854,,,,,,,,,,,0.162385931,0.014238593
2.96,-0.97,-1.252222222,0.755112604,1.421940291,2,1.422341451,-0.431794968,,,,,,,,,,,0.183931776,0.009062458
2.2,1.23,1.651527778,-0.520472014,-0.885506431,2,1.496831557,-0.54093586,,,,,,,,,,,0.696143104,0.005815793
2.66,1.83,1.386458333,0.212674687,0.224839912,2,1.748576117,-0.779633962,,,,,,,,,,,0.580995562,0.005238044
2.76,1.81,1.559097222,0.563390863,0.458098811,2,1.408542702,-0.44269043,,,,,,,,,,,0.050194764,0.009111621
2.72,4.2,4.155208333,-0.705659753,0.194937368,2,1.212300823,-0.275803085,,,,,,,,,,,0.44242447,0.016577378
3.63,1.805,1.912986111,0.56352399,0.824921945,3,1.255823535,-0.6089403,0.30100923,,,,,,,,,,0.815380717,0.039312223
4.68,1.38,0.241180556,0.986196711,-0.759979729,4,1.476202726,-0.467070529,0.237299142,-0.255182957,,,,,,,,,0.941728834,0.006950925
2.24,0.02,0.199722222,-0.75299996,-0.911824012,2,1.244444864,-0.266142358,,,,,,,,,,,0.19464065,0.006484368
3.9,-1.1,-0.899930556,1.151757497,4.642263338,2,1.243709202,-0.249213297,,,,,,,,,,,0.860668764,0.014963765
5.11,-3.495,-3.845277778,1.491161395,1.982713169,2,1.278891,-0.301405384,,,,,,,,,,,0.08637793,0.028150139
8.42,-3.19,-2.814861111,4.145040797,1.453098084,1,0.996349719,,,,,,,,,,,,0.564404449,0.031030515
5.15,-1.835,-1.064791667,1.755121078,-1.985583551,2,1.36035769,-0.363457285,,,,,,,,,,,0.388112749,0.013403661
5.46,-3.56,-3.725625,2.195117367,1.901345016,1,0.954510894,,,,,,,,,,,,0.490681562,0.031941384
2.7,-4.41,-4.059791667,-0.475964512,-0.576762526,2,0.77438977,0.193657925,,,,,,,,,,,0.899945807,0.019410979
7.53,-2.835,-2.762083333,3.937995647,1.518445762,2,1.206073479,-0.209238238,,,,,,,,,,,0.008160743,0.026311741
4.13,1.525,2.050833333,-1.502039383,137.2669414,2,1.35564723,-0.404656041,,,,,,,,,,,0.010444409,0.022100496
6.11,0.055,0.857708333,-2.650382004,1.129640794,2,1.471129697,-0.481944115,,,,,,,,,,,0.059542374,0.020295118
1.62,-1.72,-1.573333333,-0.234734037,-0.461839572,2,1.548723463,-0.584141497,,,,,,,,,,,0.408737484,0.003991913
5.15,0.995,0.815833333,1.194810802,-4.491807775,5,1.813541259,-1.000530511,0.118040523,0.280007141,-0.213728837,,,,,,,,0.358178934,0.004793875
5.25,6.355,6.531388889,-0.77771182,1.071686464,7,1.66512325,-0.949322801,0.318467958,0.094360325,-0.121540007,0.188361471,-0.215729012,,,,,,0.625685266,0.006987877
5.75,6.275,6.926597222,-1.35478102,-0.355054607,11,1.546609383,-0.543514759,-0.246618617,0.382434981,-0.143165831,-0.0121811,0.411074974,-0.273737445,-0.692516032,0.799096904,-0.249504552,,0.98879871,0.006310006
7.75,5.055,4.102916667,2.969577275,1.277327429,6,1.825761651,-1.157857099,0.659930421,-0.862146588,0.67759763,-0.198256318,,,,,,,0.732535797,0.017007891
3.15,4.675,3.962291667,0.165589792,-0.700066508,2,1.593193293,-0.639046375,,,,,,,,,,,0.632148926,0.012025846
5.48,2,0.992013889,1.256342213,-1.061884929,2,1.444543174,-0.460419334,,,,,,,,,,,0.300245244,0.024273416
4.5,-1.62,-2.794305556,0.796593279,-0.890001026,2,1.359174113,-0.365475015,,,,,,,,,,,0.061099263,0.019530369
3.74,-2.24,-1.675694444,-1.490787321,43.00692776,3,1.283024783,-0.081732985,-0.209797825,,,,,,,,,,0.55737427,0.007861916
2.02,-0.78,-0.681805556,-0.686251888,-0.234147814,1,0.951210992,,,,,,,,,,,,0.074411221,0.00571584
3.46,-1.18,-1.248680556,1.407392394,1.513397289,2,1.190739515,-0.217029997,,,,,,,,,,,0.206103164,0.009522124
4.39,1.795,1.659652778,1.977266796,8.147051222,4,1.384734369,-0.256973122,0.015902636,-0.15517866,,,,,,,,,0.96553446,0.011834527
8.45,3.475,2.526666667,2.488939587,-1.270070786,2,1.385943047,-0.452626654,,,,,,,,,,,0.000233707,0.079155627
5.73,-1.025,-2.185,1.304014644,-0.675114312,5,1.283512135,-0.547621457,0.489107793,-0.449145477,0.214460722,,,,,,,,0.637609839,0.047781215
3.16,-2.47,-2.986111111,-0.143035255,0.263986094,2,1.356986296,-0.422873575,,,,,,,,,,,0.020223869,0.029056218
4.37,-0.965,-1.037638889,1.65607268,7.859369489,3,1.427150943,-0.239482477,-0.196020452,,,,,,,,,,0.406216627,0.006436212
2.02,1.58,1.930208333,-0.414051552,-0.186523851,2,1.286020303,-0.345906085,,,,,,,,,,,0.67977136,0.009506279
3.6,1.45,1.365,1.375342117,1.835555019,2,1.384518355,-0.424829874,,,,,,,,,,,0.829299356,0.009649785
3.64,3.02,2.249791667,-0.80381295,-0.281849962,2,1.727387638,-0.742178081,,,,,,,,,,,0.505345642,0.00511229
6.34,3.49,2.645208333,1.409841057,-0.510895691,2,1.699889442,-0.728421448,,,,,,,,,,,0.845439158,0.021654959
5.01,0.755,0.494027778,1.719777197,-1.071916963,3,1.253127572,-0.062893433,-0.236104421,,,,,,,,,,0.09154678,0.02460849
4.96,-0.63,-0.347916667,-1.71065027,-5.506863868,3,1.278559529,-0.122691586,-0.184446629,,,,,,,,,,0.26656517,0.015433917
6.44,-0.33,0.281944444,2.955276198,-4.068078889,5,1.661651825,-0.888668039,0.390291809,-0.08351347,-0.083990762,,,,,,,,0.18472055,0.007799988
4.73,0.315,-0.581666667,1.510024369,-0.524097091,2,1.307395903,-0.324173843,,,,,,,,,,,0.191785945,0.016229339
6.52,1.02,0.078888889,2.309560082,0.79317614,2,1.556228522,-0.559907612,,,,,,,,,,,0.652214605,0.010901681
8.71,3.825,5.199722222,-2.09960371,-0.480939517,2,1.59036021,-0.600157323,,,,,,,,,,,0.016434591,0.02839992
7.91,1.685,0.420694444,3.203239759,1.006553695,2,1.438887629,-0.441289794,,,,,,,,,,,0.061442767,0.021737703
7.12,2.73,3.397916667,3.141272062,-14.44686593,2,1.552574053,-0.584585466,,,,,,,,,,,0.022615999,0.043086709
2.31,-0.075,-0.254027778,0.116019397,-7.745310146,2,1.21852886,-0.246376316,,,,,,,,,,,0.934951589,0.016910362
2.32,-1.51,-1.458263889,0.767178147,0.874272988,2,1.108533821,-0.202918264,,,,,,,,,,,0.241137418,0.020643465
2.94,-1.74,-1.370625,-0.938759406,1.333276619,2,1.183249104,-0.208459639,,,,,,,,,,,0.688962008,0.0140406
8.35,1.555,2.402013889,2.188163559,-16.68471317,2,1.896332148,-0.908483186,,,,,,,,,,,0.739993031,0.010553612
3.76,0.43,0.921041667,0.863110897,-1.17840088,2,1.278340045,-0.328203919,,,,,,,,,,,0.337683947,0.02497277
4.77,1.345,0.243888889,0.945202466,-0.939296727,2,1.545859432,-0.593406449,,,,,,,,,,,0.146859462,0.033262996
5.04,0.56,0.411388889,1.942361806,-2.023638369,3,1.329014638,-0.580356184,0.210938248,,,,,,,,,,0.382554441,0.030001996
3.71,-0.945,-0.872986111,1.691557218,1.851592351,1,0.967238663,,,,,,,,,,,,0.01324803,0.008825124
5.91,0.295,-0.304513889,1.588124708,0.695454488,2,1.493205578,-0.509777906,,,,,,,,,,,0.461548986,0.027573261
4.27,2.455,2.436388889,1.352166226,4.486280903,3,1.334689472,-0.138626916,-0.231593174,,,,,,,,,,0.354254574,0.010076201
3.33,0.455,0.396388889,1.140495121,-1.802043172,3,1.305638135,-0.08019785,-0.261142367,,,,,,,,,,0.277055688,0.012994226
4.24,0.3,0.607638889,2.038772309,1.893910542,3,1.139784263,0.231914271,-0.377846825,,,,,,,,,,0.000802972,0.005797572
4.5,2.79,2.580972222,-1.279087345,0.73150068,1,0.9492492,,,,,,,,,,,,0.033390696,0.04241602
8.07,4.115,2.975,2.576527757,1.170943681,3,1.441326461,-0.050321981,-0.393399088,,,,,,,,,,0.035981658,0.006308893
4.17,7.635,8.309097222,1.579227273,1.01819171,2,1.452033101,-0.502328918,,,,,,,,,,,0.909815423,0.021172972
12.47,2.985,4.102430556,-4.633195944,-4.85646647,6,1.3636471,-0.518686882,0.592142366,-0.620073847,0.446797707,-0.287125851,,,,,,,0.015280547,0.061791065
4.12,-0.28,-0.564930556,1.123014297,0.478283189,2,1.268468291,-0.356327659,,,,,,,,,,,0.977389445,0.068693988
4.35,-0.925,-1.419305556,1.393859537,-1.067565385,2,1.231392599,-0.259419645,,,,,,,,,,,0.575915875,0.036897473
3.4,-3.51,-3.644652778,-0.977182469,0.654263307,5,1.090964963,-0.209977991,0.204992193,0.167506114,-0.287820638,,,,,,,,0.080369265,0.020076931
10.78,0.31,0.802291667,-5.293530341,4.971724346,5,1.463752341,-0.4953438,0.166694705,0.092642413,-0.234251851,,,,,,,,0.773880166,0.018743404
4.9,5.44,5.520347222,2.419895569,-41.94253711,1,0.825759685,,,,,,,,,,,,0.451374416,0.020201073
9.78,5.24,4.522777778,2.626522417,-23.13894412,4,1.338499806,-0.316455931,0.169403298,-0.246487411,,,,,,,,,0.762636781,0.057230815
3.22,5.31,5.232291667,-0.628652534,-7.491857399,2,1.260834894,-0.281208624,,,,,,,,,,,0.679003218,0.023818572
7.08,3.3,4.406319444,2.726189171,-14.48583405,2,1.679290808,-0.689424494,,,,,,,,,,,0.014313998,0.01529863
7.9,-2.04,-1.924097222,-3.511717183,70.69845415,2,1.257104499,-0.258120071,,,,,,,,,,,0.000205369,0.043858479
4.91,-7.355,-7.571805556,1.808152835,-1.649602601,1,0.957808165,,,,,,,,,,,,0.067583816,0.051615859
4.19,-9.375,-10.19777778,0.721622518,-1.048766949,6,1.04408854,-0.109646705,0.117147696,-0.09268524,0.219904998,-0.305426321,,,,,,,0.21489881,0.049917437
3.76,-9.94,-9.853055556,0.562969535,-1.007705337,1,0.950309325,,,,,,,,,,,,0.338672257,0.064323538
4.74,-9.92,-9.609513889,0.406972631,-0.743557702,1,0.950327719,,,,,,,,,,,,7.24674E-08,0.071991592
7.36,-6.33,-5.734444444,3.336535194,-4.308928727,4,1.311230712,-0.362003348,0.337260879,-0.289133427,,,,,,,,,0.448175701,0.011218063
7.08,-1.15,-1.217083333,3.603545224,1183.110523,3,1.271834617,0.272628857,-0.547295138,,,,,,,,,,0.473604347,0.004090559
3.24,-0.09,-0.576319444,-0.66883843,0.838931681,4,1.021598054,0.210080186,-0.037435875,-0.22714148,,,,,,,,,0.016295275,0.015919863
7.3,-2.7,-1.033125,-1.882108325,0.445051914,2,1.572776408,-0.580130664,,,,,,,,,,,0.551660282,0.01927685
12.91,-7.355,-6.844513889,4.629849867,0.787480694,3,1.246768526,-0.04018008,-0.236570998,,,,,,,,,,0.288313478,0.15618934
8.62,-5.37,-6.384444444,4.305346593,-1.232171771,1,0.997045214,,,,,,,,,,,,0.075626121,0.064466805
3.38,-7.89,-7.735763889,-0.863469646,-0.655723179,1,0.961307731,,,,,,,,,,,,0.129537779,0.048609887
4.99,-4.385,-4.251111111,1.902536399,8.15308407,2,1.356913176,-0.364905896,,,,,,,,,,,0.216577292,0.026492638
5.03,0.365,0.591805556,1.452716647,1.876941179,4,1.431149276,-0.549557324,0.375055454,-0.267508453,,,,,,,,,0.940762872,0.016643421
4.46,0.58,-0.146041667,1.002971279,-1.275100967,2,1.343866359,-0.382862062,,,,,,,,,,,0.480662908,0.046638978
5.21,-0.385,-0.602916667,-1.564728465,-0.753834065,4,1.116158761,-0.057018301,0.179107623,-0.288803535,,,,,,,,,0.687459009,0.029116115
4.69,0.125,0.428125,1.88109576,1.68090326,1,0.968926056,,,,,,,,,,,,0.328361402,0.038907379
9.16,5.14,5.726111111,-4.868257592,4.997942409,3,1.441764074,-0.267108088,-0.186512841,,,,,,,,,,0.111544337,0.023424404
14.01,4.945,2.250416667,-3.778056451,-23.60459226,2,1.53086137,-0.564674489,,,,,,,,,,,0.920777738,0.167160398
8.25,2.785,3.483402778,-4.00567519,5.134058585,1,0.996267653,,,,,,,,,,,,0.0057428,0.036278998
9.33,1.675,3.174236111,-2.539067187,0.152300705,2,1.525134275,-0.54152234,,,,,,,,,,,0.031342176,0.07855879
3.8,-1.14,-1.540833333,-0.829835703,0.225271469,2,1.155641477,-0.205244731,,,,,,,,,,,0.831617193,0.039250181
6.97,1.595,1.974236111,3.035625691,-10.5410938,2,1.410606283,-0.415730292,,,,,,,,,,,0.054856252,0.034381743
13.14,-0.6,-0.105833333,-5.811365134,-4.998477157,2,1.547094215,-0.549332115,,,,,,,,,,,0.332767359,0.045765263
4.89,-4.605,-4.539652778,1.001224007,4.596068836,1,0.978630443,,,,,,,,,,,,0.000255885,0.059576096
4.68,-1.92,-1.627986111,2.196265014,1.887348774,1,0.994988912,,,,,,,,,,,,0.283157843,0.027593641
6.08,2.12,2.519444444,2.930970326,1.826520787,2,1.282603505,-0.290806234,,,,,,,,,,,0.287867393,0.02686241
2.83,4.715,4.953472222,-1.066261255,-0.920636737,1,0.881095008,,,,,,,,,,,,0.136796437,0.013905881
7.19,5.955,5.581944444,2.115860757,1.782165578,4,1.131581605,0.056628387,0.00744174,-0.211230942,,,,,,,,,0.93786553,0.041157518
12.26,3.19,0.717569444,3.178828168,-1.382679361,2,1.405991472,-0.409243485,,,,,,,,,,,0.105131846,0.085340677
3,-2.21,-2.10375,0.762002644,20.38461844,1,0.983287784,,,,,,,,,,,,0.001725552,0.019583384
2.18,-0.34,-0.395138889,0.908489448,-48.36728684,1,0.866424432,,,,,,,,,,,,0.269729684,0.007980054
3.01,0.015,-0.121388889,1.061337293,-4.652491793,3,0.940261989,0.256100609,-0.280442073,,,,,,,,,,0.113077663,0.014815709
3.59,1.625,1.765138889,1.308896883,1.603966253,1,0.95618025,,,,,,,,,,,,0.000993887,0.034484547
3.75,3.365,3.133333333,-1.298716126,-0.53927182,2,1.367415124,-0.459759299,,,,,,,,,,,0.069024605,0.023971904
1.93,1.975,2.022291667,0.293649672,1.527815006,1,0.941824558,,,,,,,,,,,,0.297507008,0.02241817
3.72,1.64,1.138611111,0.406236293,-0.01368051,4,1.061547258,0.103257055,0.041496399,-0.264381433,,,,,,,,,0.493037232,0.029161741
4.79,2.675,2.420416667,1.391351351,1.247914387,2,1.224047981,-0.238769923,,,,,,,,,,,0.000200809,0.036271033
9.63,6.685,6.420902778,3.854160139,1.320228259,2,1.447694103,-0.467110278,,,,,,,,,,,0.967525391,0.067991812
4.98,7.09,6.977569444,1.889748323,-20.42907728,2,1.275685142,-0.300959716,,,,,,,,,,,0.012260814,0.033682994
4.2,6.47,6.895972222,-0.743429253,-0.642466078,5,1.224910729,-0.218726788,-0.101931487,0.299663237,-0.291789244,,,,,,,,0.927812453,0.04550282
2.94,5.27,4.928472222,-0.31900663,17.62698764,2,1.151397417,-0.247758742,,,,,,,,,,,0.30343612,0.043967956
2.54,4.66,4.436319444,-0.579566416,0.747986733,2,1.081087282,-0.232738559,,,,,,,,,,,0.0467214,0.034353588
2.96,3.64,4.190902778,0.591021021,-7.847880779,1,0.843252058,,,,,,,,,,,,0.012451662,0.05252016
4.29,5.465,5.266180556,-1.698725454,-0.587849924,2,1.12593072,-0.205471928,,,,,,,,,,,0.80590713,0.020617909
8.75,1.605,0.408194444,2.100228221,-7.901442174,2,1.187550573,-0.246099399,,,,,,,,,,,0.313317427,0.165752073
3.87,-0.075,0.420555556,-1.233347115,11.41378186,5,1.165335417,0.001362303,-0.412686591,0.445156484,-0.261393518,,,,,,,,0.908576462,0.024229802
10.52,-0.64,0.242430556,2.865024731,0.139953457,2,1.162133441,-0.206395575,,,,,,,,,,,0.031212648,0.149272343
4.08,3.84,3.779513889,-1.165950417,-0.838558245,2,1.269441146,-0.420403477,,,,,,,,,,,0.156571912,0.053378945
4.06,4.56,4.801180556,1.075263412,8.061979958,2,1.153506581,-0.237355295,,,,,,,,,,,0.172231729,0.039360838
10.05,9.695,9.911666667,-4.572528746,4.835555886,1,0.997628219,,,,,,,,,,,,0.219287341,0.053641514
13.75,6.355,3.830902778,3.150438379,-0.901201129,2,1.705711096,-0.708397702,,,,,,,,,,,0.105808293,0.039108264
6.53,0.035,-0.943888889,0.209479158,0.813060737,2,1.314236973,-0.356754916,,,,,,,,,,,0.076992517,0.086381362
4.32,0.62,0.32375,0.439108904,1.036629699,2,1.28059314,-0.392216945,,,,,,,,,,,0.695087086,0.075784139
3.74,2.55,2.859444444,-1.231417851,0.194213742,1,0.885581571,,,,,,,,,,,,0.980233413,0.026779245
2.87,0.565,0.692638889,0.355020777,-0.055527374,2,1.106600443,-0.19102832,,,,,,,,,,,0.307325015,0.044831033
3.87,1.575,1.936041667,1.461360912,1.857679447,1,0.975009574,,,,,,,,,,,,0.208876618,0.035011966
2.8,3.83,3.623125,-0.522135871,0.507500478,1,0.92442233,,,,,,,,,,,,0.767103094,0.040094658
5.6,5.28,5.593541667,2.486512401,1.847657674,2,1.284283385,-0.290957555,,,,,,,,,,,0.212849156,0.022212825
4.71,7.875,8.154513889,1.350458795,2.019270902,2,1.467924309,-0.534865948,,,,,,,,,,,0.284481503,0.030080566
2.65,9.555,9.619861111,-0.903787418,-0.091922739,2,1.068894012,-0.201687886,,,,,,,,,,,0.258241676,0.023153526
4.36,6.22,6.295069444,-0.871950442,0.542322784,2,1.198589787,-0.230073764,,,,,,,,,,,0.328318343,0.065869252
11.04,9.55,10.01006944,-5.211702355,4.949452103,6,1.255120558,-0.195256057,0.07747104,-0.095123682,0.202365392,-0.248638237,,,,,,,0.446323555,0.032531772
8.35,10.455,9.500486111,2.817101286,-1.350985095,2,1.434398314,-0.442488287,,,,,,,,,,,0.116039932,0.057728375
5.3,6.61,6.684722222,1.472424691,-0.111683754,3,1.112221597,-0.390452981,0.237504109,,,,,,,,,,0.009496051,0.052833305
4.22,7.89,7.307777778,1.535445886,-1.507952804,2,1.227829511,-0.253854556,,,,,,,,,,,0.077418771,0.028906647
2.16,6.89,6.959166667,-0.603573734,-0.72755791,1,0.942785529,,,,,,,,,,,,0.383555407,0.020946766
4.23,7.155,7.379722222,0.589775436,-1.16558667,1,0.934147957,,,,,,,,,,,,0.000561548,0.063871479
7.18,6.6,5.99125,2.92126791,-1.298898439,1,0.990123805,,,,,,,,,,,,0.256449446,0.051000509
8.43,3.825,3.40765625,2.479170062,-1.477515899,2,1.252822984,-0.314730174,,,,,,,,,,,0.24159513,0.084972724
5,2.48,3.075138889,1.836138231,-0.434831838,2,1.151286071,-0.202794927,,,,,,,,,,,0.962682706,0.033872579
4.09,5.295,5.191458333,0.906600427,-10.94128505,3,1.042446071,-0.473205088,0.404302853,,,,,,,,,,0.852263452,0.065105858
3.51,5.735,5.442430556,-0.683772347,0.51104912,2,1.126028261,-0.210217463,,,,,,,,,,,0.134883622,0.067073503
3.38,5.81,6.060347222,0.60674976,4.571531764,2,1.044222614,-0.20741314,,,,,,,,,,,0.088133124,0.065573716
8.38,10.34,9.502847222,3.017312807,1.275889175,1,0.973909698,,,,,,,,,,,,4.98427E-05,0.191383154
5.33,12.425,12.74368056,2.27960928,-29.32348385,1,0.91979765,,,,,,,,,,,,0.931600096,0.02503686
8.52,7.85,7.261597222,2.397164415,-0.714485643,4,1.169843303,-0.065088633,0.174758692,-0.302458332,,,,,,,,,0.587965568,0.049962376
4.65,7.445,7.020069444,1.94795785,1.275851387,2,1.199194102,-0.225421165,,,,,,,,,,,0.474958058,0.051495077
5.72,7.85,7.909583333,2.358500703,-7.956570036,2,1.184419457,-0.249045739,,,,,,,,,,,0.945104933,0.049943983
5.99,5.265,5.898333333,2.201746157,-1.001803131,2,1.119900511,-0.226676819,,,,,,,,,,,0.738708075,0.095461269
6.49,9.515,9.506180556,1.67900723,1.181193255,1,0.983192394,,,,,,,,,,,,0.00036549,0.118712676
4.25,11.005,11.13965278,1.309971667,0.40700584,1,0.911432515,,,,,,,,,,,,0.115416979,0.053157961
3.78,13.37,13.28451389,1.920690587,-11.02490332,1,0.988983161,,,,,,,,,,,,0.261128236,0.010977156
5.74,13.57,14.01840278,0.970300175,-0.013625853,4,1.022097482,-0.053161636,0.420040159,-0.420771064,,,,,,,,,0.395493877,0.051958063
4.1,16.08,16.225625,0.657667431,0.252268585,2,1.196214374,-0.295234313,,,,,,,,,,,0.999653637,0.086063
2.77,17.535,17.70888889,-1.018593339,-13.62846545,1,0.953360132,,,,,,,,,,,,0.140014041,0.01885304
3.77,16.685,16.91145833,-1.146132549,0.916275095,2,1.22577152,-0.272078884,,,,,,,,,,,0.079636849,0.037209316
2.9,14.85,14.73729167,0.748066015,0.475763362,1,0.921698912,,,,,,,,,,,,0.044978064,0.050392197
4.67,14.025,14.480625,2.027570233,-1.40894213,1,0.892455259,,,,,,,,,,,,0.09548181,0.050235265
3.45,14.615,15.11444444,-0.872809041,0.296312745,1,0.968542825,,,,,,,,,,,,0.759261132,0.029551297
4.23,13.285,13.36590278,0.472662143,1.024044349,2,1.238088486,-0.27715869,,,,,,,,,,,0.143048386,0.063459993
3.35,12.795,12.904375,1.209399171,4.6397054,2,1.115690402,-0.317354207,,,,,,,,,,,0.805014934,0.027947087
4.55,10.415,10.82875,1.74166645,-0.597378296,2,1.146302893,-0.298020164,,,,,,,,,,,0.206935729,0.080743898
4.89,12.405,12.24138889,-1.227713737,-0.002811198,1,0.905620674,,,,,,,,,,,,0.05549631,0.05633201
6.3,8.99,9.184930556,2.127340012,-27.11836664,1,0.944607159,,,,,,,,,,,,0.290385517,0.095328081
5.85,10.105,9.777708333,1.273557508,1.123277437,1,0.994648848,,,,,,,,,,,,0.055953632,0.046093406
7.1,12.9,12.770625,2.733169983,-297.2505768,1,0.956711937,,,,,,,,,,,,0.001211215,0.058658823
2.87,12.085,11.98479167,0.751829034,-0.918425842,1,0.899912611,,,,,,,,,,,,0.025974901,0.054174288
7.89,16.555,15.31902778,2.388849148,680.1558848,2,1.216278204,-0.244043329,,,,,,,,,,,0.698522414,0.07390494
7.51,14.425,14.960625,2.85412681,10.50229595,2,1.444180557,-0.469128502,,,,,,,,,,,5.20502E-05,0.044327663
5.83,9.725,10.41659722,2.306315733,4.821776527,2,1.105057891,-0.21787638,,,,,,,,,,,0.009135178,0.071341381
5.84,8.64,8.184375,2.245937753,0.322748833,4,0.924499674,0.0639448,0.200142145,-0.318655311,,,,,,,,,0.077319548,0.02171481
4.99,13.125,13.05118056,1.401085927,1.776600225,2,1.372475692,-0.377340707,,,,,,,,,,,0.19239953,0.021972352
6.12,13.09,13.60555556,2.363189149,-0.133620053,2,1.291326515,-0.365225499,,,,,,,,,,,0.977661547,0.081990637
6.86,10.81,10.59583333,2.356470205,-1.214035117,1,0.985391399,,,,,,,,,,,,0.001161625,0.043120287
3.28,9.79,9.766458333,1.05544087,-0.530242151,2,1.042491473,-0.190927233,,,,,,,,,,,0.018281923,0.028335954
4.6,13.21,13.89680556,-1.360049258,-0.548412912,2,1.187505996,-0.192496736,,,,,,,,,,,0.151812911,0.013406031
10.57,9.155,8.178611111,3.681495185,-0.523442811,2,1.228176691,-0.246156667,,,,,,,,,,,0.665094826,0.112821727
5.44,6.15,6.474513889,2.457912229,-1.087496693,1,0.919742917,,,,,,,,,,,,0.047661318,0.040906812
4.02,11.1,11.74763889,-0.812883994,-0.583920603,1,0.991081433,,,,,,,,,,,,0.009076531,0.021678551
4.05,14.025,14.08701389,-0.839810179,-0.634688823,2,1.224841305,-0.233353626,,,,,,,,,,,0.035186601,0.030264563
5.35,13.315,13.26236111,2.224034624,-1.426128526,3,1.46065025,-0.695105058,0.222837661,,,,,,,,,,2.52547E-05,0.048271861
7.31,7.575,7.3025,3.129086682,-0.818573545,1,0.973379358,,,,,,,,,,,,0.594870605,0.062811026
4.12,6.56,6.689305556,1.020765289,4.622831281,1,0.759262377,,,,,,,,,,,,0.303143351,0.112143519
3.09,6.455,6.365555556,0.901563436,-0.696120164,1,0.893907151,,,,,,,,,,,,0.004996608,0.050136154
4.85,7.125,7.026805556,1.619110753,-0.886170975,2,1.226030005,-0.277571392,,,,,,,,,,,0.112182501,0.047963155
5.89,12.375,13.01618056,-2.132651635,-0.574126605,1,0.978638023,,,,,,,,,,,,0.399597159,0.026978787
3.74,10.86,11.33986111,0.809992111,-0.507557975,2,1.206934236,-0.29891825,,,,,,,,,,,0.670627172,0.057324027
5.87,9.765,9.666805556,2.425346277,-0.734621735,4,1.290884466,-0.404240358,0.385650907,-0.346818119,,,,,,,,,0.04460369,0.042004569
4.72,10.58,10.58930556,1.383079556,-1.933974714,1,0.918661331,,,,,,,,,,,,0.983250461,0.066177683
3.78,10.93,10.926875,-0.811042676,0.725714794,2,1.05856216,-0.247802295,,,,,,,,,,,0.870207717,0.071264058
4.37,12.755,12.67152778,-1.385119022,-0.530494484,2,1.189030925,-0.298093947,,,,,,,,,,,0.174737995,0.05567997
7.6,8.34,7.724375,2.485712708,-1.251001165,1,0.990947187,,,,,,,,,,,,0.787037936,0.073952049
4.03,6.425,6.501180556,1.006517826,-1.165644499,1,0.976568657,,,,,,,,,,,,0.001343856,0.027498669
2.34,8.01,8.042569444,0.476640876,-0.83252499,1,0.945053081,,,,,,,,,,,,0.924800123,0.02016243
4.5,8.91,8.818125,0.783970519,-1.052161751,2,1.335388352,-0.3782579,,,,,,,,,,,0.049385074,0.047263896
3.78,11.13,11.18722222,1.500232528,-8.337120012,3,1.231093592,-0.559628595,0.267277981,,,,,,,,,,0.647623495,0.01974697
6.74,13.39,14.08041667,-1.53734636,-19.75769044,2,1.430421588,-0.464210864,,,,,,,,,,,0.260611583,0.118619644
7.11,11.695,11.52590278,2.455515949,-0.860469003,3,1.315788091,-0.172008577,-0.187871794,,,,,,,,,,0.051432261,0.031939933
4.2,11.95,12.10513889,1.602905801,-1.493230479,2,1.533874251,-0.607956008,,,,,,,,,,,0.675262658,0.027786093
5.4,8.03,7.632430556,1.509412333,-0.394001953,2,1.39681929,-0.456155502,,,,,,,,,,,0.201021006,0.02476908
4.4,6.74,7.4175,-1.150163267,-4.979719661,2,1.30769189,-0.373088695,,,,,,,,,,,0.46354413,0.0329612
4.18,9.22,8.876805556,1.272833441,1.110869056,1,0.985624144,,,,,,,,,,,,0.138984103,0.0330847
6.46,13,11.760625,1.592512158,0.426780103,2,1.368215917,-0.380978205,,,,,,,,,,,0.02656515,0.047043964
3.68,16.92,16.80395833,1.295713017,8.028564108,3,1.14586653,-0.4487302,0.233644163,,,,,,,,,,0.375522223,0.028310171
9.07,13.105,11.77,3.433956187,-1.257613885,1,0.997361116,,,,,,,,,,,,0.090395927,0.061011712
4.64,9.47,9.448541667,-1.276620859,-5.5382927,1,0.942240768,,,,,,,,,,,,0.042429498,0.037754074
6.79,9.005,8.353194444,2.04889677,-1.46062929,2,1.288148894,-0.341545716,,,,,,,,,,,0.305828457,0.057629768
5.39,8.615,8.329097222,1.652008736,-1.375094353,4,1.226983825,-0.246078748,0.199054303,-0.256838766,,,,,,,,,0.982952636,0.039819535
4.25,12.225,11.85743056,0.886264093,1.41463119,2,1.170733697,-0.184064569,,,,,,,,,,,0.95353563,0.032137142
4.65,13.515,13.46381944,1.725875232,-1.370908367,2,1.202574213,-0.282348795,,,,,,,,,,,0.021724335,0.039984876
6.52,14.71,13.56465278,0.907382312,-0.483569398,7,0.870986027,-0.079454526,-0.009367874,0.181255537,0.009259054,0.346974862,-0.340383046,,,,,,0.661129243,0.150443097
4.52,17.45,18.08090278,-0.895532197,-0.358425417,3,1.030652645,0.033597121,-0.224070609,,,,,,,,,,0.951389258,0.060991722
6.29,15.265,16.11277778,2.233371943,-1.165660572,2,1.397676055,-0.470285123,,,,,,,,,,,0.009541802,0.07526973
5.52,16.07,15.93118056,1.17060693,0.074065788,6,1.161505964,-0.676335386,0.903030832,-0.505664259,0.341937526,-0.285230903,,,,,,,0.977426377,0.090891497
2.45,17.545,17.410625,0.499789298,-0.652291105,1,0.926897267,,,,,,,,,,,,0.946682716,0.03617775
2.49,18.695,18.73805556,-0.197581059,0.540900685,2,1.203831046,-0.326160094,,,,,,,,,,,0.211100453,0.03099368
2.34,18.96,19.01763889,0.617451711,1.182751219,1,0.982455485,,,,,,,,,,,,0.116664374,0.016371877
6.47,16.685,16.96513889,-2.414377621,-174.4057237,1,0.979456822,,,,,,,,,,,,0.025800986,0.080151176
4.37,17.005,16.77291667,1.338795199,8.086404913,1,0.896772312,,,,,,,,,,,,0.190423627,0.064623207
4.66,15.41,15.40944444,0.813379995,-1.351864956,2,1.217692588,-0.295409164,,,,,,,,,,,0.034465383,0.092570875
4.1,13.66,13.44375,1.298667248,-1.110613643,1,0.93663406,,,,,,,,,,,,0.432958213,0.050265548
4.15,15.755,15.18125,1.562480044,1.12541965,5,1.064452756,-0.003288611,0.056259341,0.146285655,-0.275029107,,,,,,,,0.499126848,0.015184388
5.4,15.37,16.28472222,1.748416104,-0.419711188,2,1.23231144,-0.288891885,,,,,,,,,,,0.04556435,0.043502183
6.95,15.885,16.33305556,3.019555456,-1.882064714,2,1.409262157,-0.436511967,,,,,,,,,,,0.624694342,0.050175564
7.95,11.275,11.63722222,1.576786496,-2.032245322,2,1.555028171,-0.584273051,,,,,,,,,,,2.93423E-05,0.06796322
4.68,10.08,10.0475,1.57531651,-1.832243573,1,0.939366387,,,,,,,,,,,,0.056492319,0.028265962
3.61,10.545,10.27979167,0.574078025,0.395299978,3,1.373252251,-0.606024436,0.197845461,,,,,,,,,,0.530273181,0.030072556
4.07,9.475,9.505416667,0.943226682,0.116615352,3,1.64577765,-0.898097957,0.194207675,,,,,,,,,,0.375918843,0.024117527
3,9.1,8.982083333,1.148002798,-1.066834969,1,0.925198583,,,,,,,,,,,,0.659402462,0.017195458
5.55,11.475,11.71972222,-0.551749222,-0.943112851,2,1.300954388,-0.309745123,,,,,,,,,,,0.170429661,0.039424638
4.49,10.755,11.18201389,1.341957332,-0.282547178,4,1.209952214,-0.156138352,0.14490771,-0.253727812,,,,,,,,,0.00576091,0.015611852
5.13,12.725,13.16902778,0.992339699,1.078870693,4,1.326922613,-0.440800431,0.426993155,-0.360875145,,,,,,,,,0.050225592,0.027446956
2.48,12.99,13.45916667,-0.074663845,-1.370457362,3,1.185056445,-0.455356705,0.190942221,,,,,,,,,,0.107571154,0.023268734
4.21,11.525,11.92611111,-1.218756031,32.43513262,1,0.977043319,,,,,,,,,,,,0.327577106,0.046332692
5.18,9.36,8.575486111,0.541596454,-0.102928042,2,1.348697118,-0.392111759,,,,,,,,,,,0.043772878,0.064168879
7.44,10.68,10.2075,1.733433292,0.550369034,3,1.105989748,0.081624592,-0.214677155,,,,,,,,,,0.393075553,0.096363168
2.77,13.825,13.97034722,0.893762101,-4.564568688,2,1.142182033,-0.220687435,,,,,,,,,,,0.064161629,0.025591755
6.47,13.095,13.56041667,2.063067449,-8.526754113,2,1.317847369,-0.332638113,,,,,,,,,,,0.92006671,0.04450836
5.68,7.65,7.955763889,2.228673778,-1.190312919,2,1.160838115,-0.288610807,,,,,,,,,,,0.148333979,0.088817921
3.61,7.885,8.012430556,0.97491192,-1.185091487,2,1.234418848,-0.332538462,,,,,,,,,,,0.08725438,0.037585151
3.79,8.475,7.931111111,0.636553886,-0.266796129,2,1.309769172,-0.370104375,,,,,,,,,,,0.658331668,0.049213048
6.56,11.24,10.62354167,2.192457866,0.748993073,2,1.39411465,-0.411122359,,,,,,,,,,,0.966202276,0.066215491
7.81,11.835,10.85631944,3.270298235,-1.13794339,3,1.257953399,-0.466491645,0.204000098,,,,,,,,,,0.70871338,0.047857946
6.18,10.81,10.81472222,2.378415686,14.51341555,4,1.270681829,-0.759298752,0.769660334,-0.347979324,,,,,,,,,0.01837794,0.053432894
4.18,12.25,11.40729167,-0.35912561,-0.29979057,2,1.262561386,-0.327304647,,,,,,,,,,,0.292281013,0.063552128
4.51,13.105,12.77486111,1.477348172,-293.7388336,2,1.165122287,-0.198002702,,,,,,,,,,,0.031373161,0.03089689
4.18,13.58,13.69979167,1.05083384,1.292423752,2,1.232949494,-0.263030455,,,,,,,,,,,0.000319004,0.0427836
4.44,13.99,14.18569444,0.212214865,29.63460398,5,1.036117403,-0.101540028,0.219044285,0.021085233,-0.235736518,,,,,,,,0.844992787,0.052439776
3.97,13.795,13.89833333,0.178301179,-1.051132595,2,1.131276517,-0.2363565,,,,,,,,,,,0.000350461,0.078322825
10.12,9.24,8.574583333,3.507099728,-1.373734652,7,1.133690152,-0.146089199,0.213622932,-0.115841555,0.098341043,0.026926126,-0.216322966,,,,,,0.200369579,0.024431805
3.36,5.25,4.611319444,-0.692673568,-5.317357063,2,1.113398148,-0.201508041,,,,,,,,,,,0.62141749,0.038182754
3.68,4.3,4.450555556,-0.300615754,-0.164360038,1,0.893751358,,,,,,,,,,,,0.273554947,0.077027668
3.01,5.995,5.854305556,-0.446139845,-7.458069557,2,1.200087744,-0.236102369,,,,,,,,,,,0.188162998,0.034160331
5.07,8.815,8.737569444,2.065596705,1.476363051,1,0.990589171,,,,,,,,,,,,0.919009526,0.027511888
4.72,11.21,11.785,1.871445819,1.729988732,2,1.247062291,-0.258902379,,,,,,,,,,,0.616888604,0.016749253
10.36,10.65,11.61548611,2.769979052,10.10615865,2,1.438903223,-0.461853654,,,,,,,,,,,0.017907724,0.091389558
7.77,8.965,9.763680556,2.20298367,-1.259853616,5,1.27302867,-0.401067547,0.07260618,0.352318379,-0.332588936,,,,,,,,0.114957941,0.066426814
8.89,8.785,8.882083333,4.265952833,-1.159218633,2,1.177281721,-0.186853683,,,,,,,,,,,0.898603261,0.042883107
3.45,7.315,7.660902778,-1.329855937,0.641556343,1,0.984020314,,,,,,,,,,,,0.084314188,0.014950861
6.41,5.885,6.402361111,2.051371847,-10.8651053,2,1.273342724,-0.297394074,,,,,,,,,,,0.195962319,0.038006903
6.02,7.68,7.085416667,1.320023942,1.395750917,2,1.315114932,-0.360589723,,,,,,,,,,,0.456082341,0.079666544
3.7,8.3,8.433680556,1.006487002,1.002035524,2,1.141079857,-0.221734612,,,,,,,,,,,0.388115757,0.058782501
5.27,9.205,9.517361111,2.109833288,-4.202293188,2,1.240870797,-0.269450198,,,,,,,,,,,0.068715183,0.01517905
4.65,9.625,9.366527778,1.361628515,1.404053829,4,1.273993097,-0.239232428,0.151282999,-0.227900054,,,,,,,,,0.110422935,0.039495283
2.56,10.81,11.10201389,0.199200066,-0.101592135,2,1.406054759,-0.451158809,,,,,,,,,,,0.881750553,0.021098895
6.62,11.2,11.62902778,-1.885083963,0.312234385,1,0.994844352,,,,,,,,,,,,0.520264357,0.02960476
4.73,5.765,6.070486111,1.678743775,-1.189986762,5,1.243300358,-0.397591301,0.261561826,0.019379406,-0.208761561,,,,,,,,0.599172774,0.027769522
4.79,8.265,7.075555556,-0.546535985,0.487396854,2,1.53651384,-0.572468801,,,,,,,,,,,0.09860635,0.029801974
2.73,8.565,8.833819444,0.411037293,1.113153364,2,1.636547071,-0.662939161,,,,,,,,,,,0.057561838,0.006547333
1.77,9.275,9.258333333,-0.05744233,0.396153009,2,1.309875062,-0.392744693,,,,,,,,,,,0.202670546,0.014528681
4.34,9.15,9.298472222,1.857651949,1.427049871,10,1.503233753,-0.437095784,0.010524121,-0.123329682,0.15510065,-0.266429598,0.091011423,0.133176518,0.097648021,-0.171190986,,,0.992272066,0.003512647
3.33,11.595,11.97784722,0.664779739,0.538242713,10,1.267152556,-0.550801468,0.421195464,-0.279851674,0.385061487,-0.400045717,0.174619955,0.117297865,0.015421168,-0.215415612,,,0.759076593,0.01714082
7.71,7.375,6.916180556,3.15527078,-1.321730829,2,1.376226372,-0.381491125,,,,,,,,,,,0.512160576,0.051674248
3.91,4.275,4.009166667,-0.673673151,-0.357366623,1,0.933733242,,,,,,,,,,,,0.14947237,0.0634278
4.37,5.565,5.516875,-1.311490325,-0.910098545,5,1.156730564,-0.343724267,0.067243415,0.357703725,-0.298084583,,,,,,,,0.419333785,0.054727376
3.43,6.045,5.858055556,-0.858622185,0.521560322,1,0.971097541,,,,,,,,,,,,0.081208803,0.031550751
1.51,7.285,7.496944444,-0.19747226,-0.168977007,2,1.220993839,-0.241624772,,,,,,,,,,,0.55727826,0.003296871
0.99,8.095,8.096944444,-0.426523339,-0.985238825,2,1.483343785,-0.539897077,,,,,,,,,,,0.213889781,0.000417725
2.46,7.15,7.4225,0.488809122,-0.940884205,3,1.31258194,-0.688473648,0.328100859,,,,,,,,,,0.003737791,0.012396948
1.09,7.175,7.138402778,0.405794248,-4.590177454,1,0.842377199,,,,,,,,,,,,0.055969496,0.004280041
3.24,5.72,5.679930556,1.075217598,-1.29917181,2,1.172345201,-0.19048369,,,,,,,,,,,0.015672499,0.011658473
4.82,4.35,4.687638889,1.897062607,-1.668496449,1,0.951128831,,,,,,,,,,,,0.007179436,0.062668319
7.6,4.99,4.887083333,2.967575115,-4.774000337,5,1.406922459,-0.508930345,0.252387457,0.076039009,-0.239333931,,,,,,,,0.458053179,0.019963535
2.45,7.325,7.594375,0.676512216,0.657785203,2,1.110076903,-0.202923347,,,,,,,,,,,0.830625864,0.018458637
3.81,10.095,10.34375,-1.296708024,17.57940988,2,1.444277195,-0.445463562,,,,,,,,,,,0.261056539,0.006008713
2.04,12.88,12.61715278,-0.372521896,-0.032803125,3,1.296441345,-0.150579847,-0.193413657,,,,,,,,,,0.576435449,0.005134135
3.65,10.145,9.869305556,0.715469318,-1.04787409,2,1.481058199,-0.495945526,,,,,,,,,,,0.101839357,0.01604606
1.9,8.33,8.444722222,0.527383255,0.10250753,3,1.248026215,-0.096024196,-0.195786551,,,,,,,,,,0.033895746,0.00519652
4.76,8.39,8.813819444,-1.448125555,0.292021738,1,0.990092282,,,,,,,,,,,,0.230236569,0.018903301
1.66,5.63,5.760347222,0.278311521,-7.730082412,2,1.309384594,-0.370840262,,,,,,,,,,,0.398230502,0.006941027
5.42,7.32,7.228194444,-1.946017575,-7.155988014,3,1.417369095,-0.222707536,-0.235584656,,,,,,,,,,0.558867372,0.007804761
4.65,6.355,6.370277778,1.619962592,-1.283093815,2,1.454177365,-0.554168108,,,,,,,,,,,0.561004871,0.023473322
5.01,9.945,10.65645833,-1.59855119,-0.57784858,2,1.395708247,-0.39959294,,,,,,,,,,,0.011024128,0.006297148
3.09,10.465,10.65326389,-1.145285057,0.824526725,3,1.285432093,-0.126808859,-0.186657152,,,,,,,,,,0.849420009,0.004895786
4.61,11.235,11.41506944,1.293702742,14.1161949,4,1.486983205,-0.415252586,0.210674718,-0.285895264,,,,,,,,,0.31040836,0.002431233
1.29,14.035,13.98534722,-0.406495444,0.609725394,2,1.65872005,-0.695641288,,,,,,,,,,,0.202118125,0.000899957
9.34,9.03,7.126319444,2.046537649,-0.57409641,3,1.391693896,-0.203129293,-0.196593375,,,,,,,,,,0.577665432,0.033007022
5,4.02,3.808402778,0.636135711,-7.755539001,2,1.370010356,-0.374178996,,,,,,,,,,,0.970165855,0.014294905
6.01,1.755,1.776041667,2.537830192,8.174403993,4,1.121208778,-0.036871056,0.065349813,-0.20408894,,,,,,,,,0.929267616,0.028337738
5.9,1.76,1.7125,2.916596191,1.958318819,3,1.405107361,-0.731063003,0.281566166,,,,,,,,,,0.880821779,0.016226939
7.7,1.56,1.239583333,2.918230244,8.058051501,2,1.1249367,-0.282231155,,,,,,,,,,,0.530213062,0.043200579
6.2,2.18,2.289722222,3.002099967,14.23401915,1,0.963537323,,,,,,,,,,,,0.384043112,0.033367892
5.85,3.415,3.046805556,2.372024238,-23.04613992,3,1.545996789,-0.800865582,0.220063213,,,,,,,,,,0.383966017,0.027439156
4.49,2.045,2.034652778,1.119692918,1.773070376,2,1.303229358,-0.326235793,,,,,,,,,,,0.031170516,0.01455015
6.03,4.575,5.293263889,2.302574791,1.778254752,5,1.397327868,-0.39476563,0.102705316,0.169826324,-0.278055051,,,,,,,,0.698895843,0.005545852
3.34,5.56,5.737013889,1.039261451,1.080684132,2,1.607224724,-0.613576538,,,,,,,,,,,0.470263649,0.003718679
8.28,4.5,5.500555556,-3.633354965,-1.602573281,2,1.504536306,-0.520478026,,,,,,,,,,,0.455995805,0.029896448
2.95,8.445,9.050069444,-0.658366475,0.704869749,6,1.657615811,-1.100697482,0.804550983,-0.858246982,0.686955336,-0.218433774,,,,,,,0.539954908,0.012629449
3.12,7.29,6.875625,-1.156342052,-0.840240012,2,1.403448077,-0.438020023,,,,,,,,,,,0.654008856,0.007496862
3.18,6.37,6.618055556,1.046426535,0.155533017,3,1.5610442,-0.413441715,-0.212298708,,,,,,,,,,0.079526511,0.007261559
3.23,6.355,7.082638889,1.032302842,1.234046472,2,1.741810094,-0.770838752,,,,,,,,,,,0.202770586,0.002917911
3.72,6.14,6.774027778,-1.403159433,-5.22580478,4,1.423377147,-0.544147723,0.474427646,-0.359001814,,,,,,,,,0.956097429,0.005045246
5.43,5.365,4.934097222,-1.07596166,7.283019212,4,1.694184757,-1.073192161,0.545762849,-0.197994969,,,,,,,,,0.642705237,0.026323631
3.5,1.53,1.796666667,-0.740336857,-7.369429664,2,1.277726861,-0.28000718,,,,,,,,,,,0.44348345,0.01006009
5.84,-0.51,-1.981111111,-0.706786863,7.284662925,2,1.632650688,-0.664272603,,,,,,,,,,,0.003908977,0.022857286
7.2,2.28,2.994583333,3.027506689,-16.88064939,2,1.775829478,-0.778714209,,,,,,,,,,,0.437554829,0.006776219
6.43,2.665,3.212152778,2.296568077,-1.850967029,4,1.148325071,-0.02038925,0.086950548,-0.217786446,,,,,,,,,0.364313816,0.017656053
5.9,-0.11,0.445,2.515871342,8.107797241,4,1.644762199,-0.907610085,0.523414491,-0.294687376,,,,,,,,,0.667616881,0.011655213
3.64,0.95,1.211180556,-0.814655608,-1.116528131,3,1.404200572,-0.072925735,-0.346313034,,,,,,,,,,0.559240523,0.004163739
5.38,1.16,1.069652778,2.309549129,14.55335131,2,1.534952693,-0.583274953,,,,,,,,,,,0.068523668,0.008801346
3.62,0.62,0.764930556,1.625119451,1.937946925,1,0.869776694,,,,,,,,,,,,0.732407135,0.011725569
4.15,-0.325,-0.267430556,-1.008271069,0.197317863,2,1.413937644,-0.424803027,,,,,,,,,,,0.120129084,0.010111483
3.47,-1.725,-1.599583333,0.718703436,-1.450640198,1,0.958520673,,,,,,,,,,,,0.064278521,0.0551452
2.52,-1.79,-2.033402778,0.860482253,-1.168156256,2,1.241904933,-0.325396776,,,,,,,,,,,0.827951655,0.031347346
3.38,-0.15,0.146111111,1.222213523,-4.630139317,2,1.53549593,-0.5538783,,,,,,,,,,,0.085791715,0.006750694
5.78,-1.77,-0.842638889,2.085474671,104.4913722,4,1.629283064,-0.866340883,0.559055354,-0.328332188,,,,,,,,,0.794967099,0.011819391
2.84,-3.82,-3.842708333,1.114875257,-4.562063054,2,1.482232479,-0.524333412,,,,,,,,,,,0.633583758,0.004579989
2.8,-2.6,-2.467152778,1.316471765,1.528762344,1,0.996074487,,,,,,,,,,,,0.18789818,0.004857943
3.05,-0.045,-0.122291667,1.22191176,14.11303649,6,1.158639404,-0.386553327,0.514547778,-0.230285567,0.163446314,-0.238277024,,,,,,,0.891141148,0.006650582
2.11,1.135,1.191805556,0.609328832,1.396810146,1,0.966810863,,,,,,,,,,,,0.066293295,0.006566455
2.37,1.425,1.7225,-0.645590401,0.663591917,2,1.313060115,-0.328654405,,,,,,,,,,,0.736986392,0.004105025
1.95,0.785,0.898888889,-0.509520904,0.100997589,1,0.955036065,,,,,,,,,,,,0.082459674,0.00696309
3.17,1.705,2.019097222,-1.021191929,-0.923320326,1,0.993833218,,,,,,,,,,,,0.210635833,0.006832036
0.88,2.08,2.010347222,-0.12473473,0.446879786,1,0.935685085,,,,,,,,,,,,0.189443011,0.003868691
2.5,1.03,1.049583333,1.274658673,-1.553866813,2,1.259158376,-0.268023191,,,,,,,,,,,0.265951034,0.005344456
2.98,1.54,1.878541667,-0.8271688,-13.82785261,2,1.628577436,-0.63225849,,,,,,,,,,,0.869966549,0.002693476
2.61,4.195,4.085069444,-1.2676101,17.78005006,1,0.939905477,,,,,,,,,,,,0.091319644,0.003624635
1.92,2.88,3.094375,-0.459378018,0.036811238,2,1.34941492,-0.367804109,,,,,,,,,,,0.149106698,0.007132618
5.05,3.285,3.041666667,2.093226324,1.252023723,2,1.435979005,-0.439552888,,,,,,,,,,,0.299782061,0.008344261
2.16,6.17,6.037361111,-0.48556694,-0.201475801,4,1.227635227,-0.033793154,-0.003280119,-0.219023355,,,,,,,,,0.256940777,0.002390769
3.4,3.25,3.890763889,-0.236179455,-0.222090948,2,1.510329177,-0.51390324,,,,,,,,,,,0.735543581,0.005423307
5.36,2.43,2.513819444,2.191799096,-4.185322224,1,0.947105067,,,,,,,,,,,,0.346150981,0.02825998
3.33,2.245,2.292222222,-0.92545806,-1.086543737,3,1.634070272,-0.95525366,0.295946924,,,,,,,,,,0.064713114,0.010917702
3.61,1.725,1.292222222,1.409193235,1.035357277,3,1.478859662,-0.254152105,-0.229074511,,,,,,,,,,0.579247936,0.001634238
3.89,3.225,3.448819444,1.474716909,1.30692069,2,1.628423028,-0.644556499,,,,,,,,,,,0.00521447,0.004713756
5.54,8.03,9.097986111,-1.516356621,-0.825770654,2,1.780856405,-0.786433347,,,,,,,,,,,0.373654183,0.004960135
2.35,9.915,9.873333333,0.805373532,1.328111026,2,1.382452252,-0.433217909,,,,,,,,,,,0.029229297,0.00680507
6.89,5.365,4.284652778,2.039907578,-1.140177661,2,1.737952129,-0.742560774,,,,,,,,,,,0.117806264,0.014013925
5.03,-0.135,0.064027778,1.904143533,11.02377976,2,1.58446621,-0.596400386,,,,,,,,,,,0.005004159,0.014660252
2.9,-1.79,-2.023194444,0.974023937,-10.73389017,4,1.456980935,-0.458178247,0.155971195,-0.212723948,,,,,,,,,0.571733312,0.004312635
5.87,-5.135,-4.835486111,1.163100304,-1.482184526,2,1.755715435,-0.764241247,,,,,,,,,,,0.011293883,0.009192378
7.09,-2.515,-1.473888889,1.968093086,1.930641086,4,1.385339608,-0.135802513,-0.064339738,-0.188573022,,,,,,,,,0.334864532,0.006271091
3.64,0.61,0.54875,-0.905959859,-0.335833767,2,1.2479556,-0.299718303,,,,,,,,,,,0.441832293,0.017760057
1.81,0.805,0.839236111,-0.580778366,-7.52590233,4,1.306627366,-0.479923689,0.382374424,-0.285700637,,,,,,,,,0.80026877,0.005061282
1.52,-0.4,-0.660625,0.014253805,-1.325992033,1,0.984274616,,,,,,,,,,,,0.996760351,0.006051572
